-- CMS Export Generated at 2025-12-28 15:45:40
SET FOREIGN_KEY_CHECKS=0;

DROP TABLE IF EXISTS `website_pages`;
CREATE TABLE `website_pages` (
  `id` bigint(20) unsigned NOT NULL AUTO_INCREMENT,
  `title` varchar(255) NOT NULL,
  `slug` varchar(255) NOT NULL,
  `meta_title` varchar(255) DEFAULT NULL,
  `meta_description` text DEFAULT NULL,
  `is_active` tinyint(1) NOT NULL DEFAULT 1,
  `status` enum('draft','pending','published','archived') DEFAULT 'draft',
  `is_featured` tinyint(1) NOT NULL DEFAULT 0,
  `created_at` timestamp NULL DEFAULT NULL,
  `published_at` timestamp NULL DEFAULT NULL,
  `archived_at` timestamp NULL DEFAULT NULL,
  `updated_at` timestamp NULL DEFAULT NULL,
  `deleted_at` timestamp NULL DEFAULT NULL,
  `created_by` int(10) unsigned DEFAULT NULL,
  `approved_by` int(10) unsigned DEFAULT NULL,
  `content` longtext CHARACTER SET utf8mb4 COLLATE utf8mb4_bin DEFAULT NULL CHECK (json_valid(`content`)),
  `image_url` varchar(255) DEFAULT NULL,
  PRIMARY KEY (`id`),
  UNIQUE KEY `website_pages_slug_unique` (`slug`),
  KEY `website_pages_approved_by_foreign` (`approved_by`),
  KEY `website_pages_created_by_foreign` (`created_by`),
  CONSTRAINT `website_pages_approved_by_foreign` FOREIGN KEY (`approved_by`) REFERENCES `staff` (`id`) ON DELETE SET NULL,
  CONSTRAINT `website_pages_created_by_foreign` FOREIGN KEY (`created_by`) REFERENCES `staff` (`id`) ON DELETE SET NULL
) ENGINE=InnoDB AUTO_INCREMENT=18 DEFAULT CHARSET=utf8mb4 COLLATE=utf8mb4_unicode_ci;

INSERT INTO `website_pages` (`id`, `title`, `slug`, `meta_title`, `meta_description`, `is_active`, `status`, `is_featured`, `created_at`, `published_at`, `archived_at`, `updated_at`, `deleted_at`, `created_by`, `approved_by`, `content`, `image_url`) VALUES ('1', 'About Veritas University', 'about-us', 'About Us - Veritas University', 'Learn about the history, mission, and vision of Veritas University.', '1', 'published', '1', '2025-12-21 09:56:23', '2025-12-21 10:08:20', NULL, '2025-12-21 13:01:37', '2025-12-21 13:01:37', '506', '506', NULL, NULL);
INSERT INTO `website_pages` (`id`, `title`, `slug`, `meta_title`, `meta_description`, `is_active`, `status`, `is_featured`, `created_at`, `published_at`, `archived_at`, `updated_at`, `deleted_at`, `created_by`, `approved_by`, `content`, `image_url`) VALUES ('2', 'Admission Requirements 2025', 'admission-requirements', 'Admissions - Veritas University', 'Check the admission requirements for undergraduate and postgraduate programs.', '1', 'draft', '0', '2025-12-21 09:56:25', NULL, NULL, '2025-12-21 13:02:01', '2025-12-21 13:02:01', '596', NULL, NULL, NULL);
INSERT INTO `website_pages` (`id`, `title`, `slug`, `meta_title`, `meta_description`, `is_active`, `status`, `is_featured`, `created_at`, `published_at`, `archived_at`, `updated_at`, `deleted_at`, `created_by`, `approved_by`, `content`, `image_url`) VALUES ('3', 'Undergraduate Admission', 'admission-undergraduate', 'Undergraduate Admission - Veritas University', 'Apply for undergraduate programs at Veritas University. Check requirements and eligibility.', '1', 'pending', '1', '2025-12-21 10:08:20', '2025-12-21 10:08:20', NULL, '2025-12-21 13:02:20', '2025-12-21 13:02:20', '577', '577', NULL, NULL);
INSERT INTO `website_pages` (`id`, `title`, `slug`, `meta_title`, `meta_description`, `is_active`, `status`, `is_featured`, `created_at`, `published_at`, `archived_at`, `updated_at`, `deleted_at`, `created_by`, `approved_by`, `content`, `image_url`) VALUES ('4', 'Home', 'home', 'Home - Veritas University', 'Welcome to Veritas University', '1', 'published', '0', '2025-12-21 11:13:52', '2025-12-21 11:13:52', NULL, '2025-12-21 11:13:52', NULL, NULL, NULL, NULL, NULL);
INSERT INTO `website_pages` (`id`, `title`, `slug`, `meta_title`, `meta_description`, `is_active`, `status`, `is_featured`, `created_at`, `published_at`, `archived_at`, `updated_at`, `deleted_at`, `created_by`, `approved_by`, `content`, `image_url`) VALUES ('5', 'About Us', 'about', 'About Us - Veritas University', 'Learn about our history and mission', '1', 'published', '0', '2025-12-21 11:13:52', '2025-12-21 11:13:52', NULL, '2025-12-21 11:13:52', NULL, NULL, NULL, NULL, NULL);
INSERT INTO `website_pages` (`id`, `title`, `slug`, `meta_title`, `meta_description`, `is_active`, `status`, `is_featured`, `created_at`, `published_at`, `archived_at`, `updated_at`, `deleted_at`, `created_by`, `approved_by`, `content`, `image_url`) VALUES ('6', 'Admissions', 'admissions', 'Admissions - Veritas University', 'Join us at Veritas University', '1', 'published', '0', '2025-12-21 11:13:52', '2025-12-21 11:13:52', NULL, '2025-12-21 11:13:52', NULL, NULL, NULL, NULL, NULL);
INSERT INTO `website_pages` (`id`, `title`, `slug`, `meta_title`, `meta_description`, `is_active`, `status`, `is_featured`, `created_at`, `published_at`, `archived_at`, `updated_at`, `deleted_at`, `created_by`, `approved_by`, `content`, `image_url`) VALUES ('7', 'Campus Life', 'campus-life', 'Campus Life - Veritas University', 'Experience life at Veritas', '1', 'published', '0', '2025-12-21 11:13:53', '2025-12-21 11:13:53', NULL, '2025-12-21 11:13:53', NULL, NULL, NULL, NULL, NULL);
INSERT INTO `website_pages` (`id`, `title`, `slug`, `meta_title`, `meta_description`, `is_active`, `status`, `is_featured`, `created_at`, `published_at`, `archived_at`, `updated_at`, `deleted_at`, `created_by`, `approved_by`, `content`, `image_url`) VALUES ('8', 'Chaplaincy', 'chaplaincy', 'Chaplaincy - Veritas University', 'Spiritual Life', '1', 'published', '0', '2025-12-21 11:13:53', '2025-12-21 11:13:53', NULL, '2025-12-21 11:13:53', NULL, NULL, NULL, NULL, NULL);
INSERT INTO `website_pages` (`id`, `title`, `slug`, `meta_title`, `meta_description`, `is_active`, `status`, `is_featured`, `created_at`, `published_at`, `archived_at`, `updated_at`, `deleted_at`, `created_by`, `approved_by`, `content`, `image_url`) VALUES ('9', 'Tuition & Fees', 'fees', 'Tuition & Fees - Veritas University', 'Fee structure and payment info', '1', 'published', '0', '2025-12-21 11:13:53', '2025-12-21 11:13:53', NULL, '2025-12-21 11:13:53', NULL, NULL, NULL, NULL, NULL);
INSERT INTO `website_pages` (`id`, `title`, `slug`, `meta_title`, `meta_description`, `is_active`, `status`, `is_featured`, `created_at`, `published_at`, `archived_at`, `updated_at`, `deleted_at`, `created_by`, `approved_by`, `content`, `image_url`) VALUES ('10', 'Research', 'research', 'Research - Veritas University', 'Research and Innovation', '1', 'published', '0', '2025-12-21 11:13:53', '2025-12-21 11:13:53', NULL, '2025-12-21 11:13:53', NULL, NULL, NULL, NULL, NULL);
INSERT INTO `website_pages` (`id`, `title`, `slug`, `meta_title`, `meta_description`, `is_active`, `status`, `is_featured`, `created_at`, `published_at`, `archived_at`, `updated_at`, `deleted_at`, `created_by`, `approved_by`, `content`, `image_url`) VALUES ('11', 'News & Events', 'news-and-events', 'News & Events - Veritas University', 'Latest updates', '1', 'published', '0', '2025-12-21 11:13:53', '2025-12-21 11:13:53', NULL, '2025-12-21 11:13:53', NULL, NULL, NULL, NULL, NULL);
INSERT INTO `website_pages` (`id`, `title`, `slug`, `meta_title`, `meta_description`, `is_active`, `status`, `is_featured`, `created_at`, `published_at`, `archived_at`, `updated_at`, `deleted_at`, `created_by`, `approved_by`, `content`, `image_url`) VALUES ('12', 'Undergraduate', 'undergraduate', 'Undergraduate Programs - Veritas University', 'Explore our undergraduate programs', '1', 'published', '0', '2025-12-21 11:13:53', '2025-12-21 11:13:53', NULL, '2025-12-21 11:13:53', NULL, NULL, NULL, NULL, NULL);
INSERT INTO `website_pages` (`id`, `title`, `slug`, `meta_title`, `meta_description`, `is_active`, `status`, `is_featured`, `created_at`, `published_at`, `archived_at`, `updated_at`, `deleted_at`, `created_by`, `approved_by`, `content`, `image_url`) VALUES ('13', 'Postgraduate', 'postgraduate', 'Postgraduate Programs - Veritas University', 'Explore our postgraduate programs', '1', 'published', '0', '2025-12-21 11:13:53', '2025-12-21 11:13:53', NULL, '2025-12-21 11:13:53', NULL, NULL, NULL, NULL, NULL);
INSERT INTO `website_pages` (`id`, `title`, `slug`, `meta_title`, `meta_description`, `is_active`, `status`, `is_featured`, `created_at`, `published_at`, `archived_at`, `updated_at`, `deleted_at`, `created_by`, `approved_by`, `content`, `image_url`) VALUES ('14', 'A-Z Index', 'a-z', 'A-Z Index - Veritas University', 'Comprehensive directory', '1', 'published', '0', '2025-12-21 12:14:27', '2025-12-21 12:14:27', NULL, '2025-12-21 12:14:27', NULL, NULL, NULL, NULL, NULL);
INSERT INTO `website_pages` (`id`, `title`, `slug`, `meta_title`, `meta_description`, `is_active`, `status`, `is_featured`, `created_at`, `published_at`, `archived_at`, `updated_at`, `deleted_at`, `created_by`, `approved_by`, `content`, `image_url`) VALUES ('15', 'FAQ', 'faq', 'FAQ - Veritas University', 'Frequently Asked Questions', '1', 'published', '0', '2025-12-21 12:14:27', '2025-12-21 12:14:27', NULL, '2025-12-21 12:14:27', NULL, NULL, NULL, NULL, NULL);
INSERT INTO `website_pages` (`id`, `title`, `slug`, `meta_title`, `meta_description`, `is_active`, `status`, `is_featured`, `created_at`, `published_at`, `archived_at`, `updated_at`, `deleted_at`, `created_by`, `approved_by`, `content`, `image_url`) VALUES ('16', 'University Management', 'university-management', 'University Management - Veritas University', 'Meet our leaders', '1', 'published', '0', '2025-12-21 12:14:27', '2025-12-21 12:14:27', NULL, '2025-12-21 12:14:27', NULL, NULL, NULL, NULL, NULL);
INSERT INTO `website_pages` (`id`, `title`, `slug`, `meta_title`, `meta_description`, `is_active`, `status`, `is_featured`, `created_at`, `published_at`, `archived_at`, `updated_at`, `deleted_at`, `created_by`, `approved_by`, `content`, `image_url`) VALUES ('17', 'Test Page', 'test-page-crud', NULL, NULL, '1', 'published', '0', '2025-12-23 00:50:06', NULL, NULL, '2025-12-23 00:50:06', '2025-12-23 00:50:06', NULL, NULL, NULL, NULL);

DROP TABLE IF EXISTS `website_content_blocks`;
CREATE TABLE `website_content_blocks` (
  `id` bigint(20) unsigned NOT NULL AUTO_INCREMENT,
  `page_id` bigint(20) unsigned NOT NULL,
  `type` varchar(255) NOT NULL,
  `identifier` varchar(255) DEFAULT NULL,
  `content` longtext CHARACTER SET utf8mb4 COLLATE utf8mb4_bin DEFAULT NULL CHECK (json_valid(`content`)),
  `order` int(11) NOT NULL DEFAULT 0,
  `is_active` tinyint(1) NOT NULL DEFAULT 1,
  `created_at` timestamp NULL DEFAULT NULL,
  `updated_at` timestamp NULL DEFAULT NULL,
  `deleted_at` timestamp NULL DEFAULT NULL,
  PRIMARY KEY (`id`),
  KEY `website_content_blocks_page_id_foreign` (`page_id`),
  CONSTRAINT `website_content_blocks_page_id_foreign` FOREIGN KEY (`page_id`) REFERENCES `website_pages` (`id`) ON DELETE CASCADE
) ENGINE=InnoDB AUTO_INCREMENT=115 DEFAULT CHARSET=utf8mb4 COLLATE=utf8mb4_unicode_ci;

INSERT INTO `website_content_blocks` (`id`, `page_id`, `type`, `identifier`, `content`, `order`, `is_active`, `created_at`, `updated_at`, `deleted_at`) VALUES ('1', '1', 'template', 'about-page-first-section', '{\"heading1\":\"Welcome to Veritas University\",\"content1\":\"<p>Veritas University Abuja (VUNA) is the Catholic University of Nigeria, founded by the Catholic Bishops Conference of Nigeria to provide high-quality tertiary education according to the tradition of the Catholic Church.<\\/p>\",\"content2\":\"<p>We are committed to forming students who are not only intellectually capable but also morally sound, preparing them to become self-reliant and responsible citizens.<\\/p>\",\"imageUrl\":\"\\/assets\\/images\\/about-hero.jpg\",\"slug\":\"about-page-first-section\"}', '1', '1', '2025-12-21 10:08:20', '2025-12-21 10:08:20', NULL);
INSERT INTO `website_content_blocks` (`id`, `page_id`, `type`, `identifier`, `content`, `order`, `is_active`, `created_at`, `updated_at`, `deleted_at`) VALUES ('2', '1', 'template', 'about-page-second-section', '{\"heading1\":\"Our Journey So Far\",\"imageUrl1\":\"\\/assets\\/images\\/journey.jpg\",\"content1\":\"<p>Since our establishment in 2007, Veritas University has grown from a small campus to a leading institution in Nigeria.<\\/p>\",\"content2\":\"<p>We have expanded our academic programs to include a wide range of undergraduate and postgraduate courses.<\\/p>\",\"content3\":\"<p>Our permanent site in Bwari, Abuja, offers a serene environment conducive to learning and research.<\\/p>\",\"content4\":\"<p>We continue to partner with international institutions to ensure global standards in education.<\\/p>\",\"content5\":\"<p>Looking ahead, we aim to become a world-class university recognized for research and innovation.<\\/p>\",\"slug\":\"about-page-second-section\"}', '2', '1', '2025-12-21 10:08:20', '2025-12-21 10:08:20', NULL);
INSERT INTO `website_content_blocks` (`id`, `page_id`, `type`, `identifier`, `content`, `order`, `is_active`, `created_at`, `updated_at`, `deleted_at`) VALUES ('3', '1', 'template', 'about-page-third-section', '{\"heading1\":\"Our Foundation\",\"heading2\":\"Mission\",\"heading3\":\"Vision\",\"heading4\":\"Philosophy\",\"heading5\":\"Core Values\",\"imageUrl1\":\"\\/assets\\/images\\/foundation.jpg\",\"content1\":\"<p>Our foundation is built on the principles of academic excellence and moral integrity.<\\/p>\",\"content2\":\"<p>To provide an integral education that combines academic and professional training with moral and spiritual formation.<\\/p>\",\"content3\":\"<p>To be a dynamic and culturally relevant university, providing high-quality research and learning experiences.<\\/p>\",\"content4\":\"<p>We believe in the education of the whole person, fostering critical thinking and ethical leadership.<\\/p>\",\"content5\":\"<ul><li>Academic Excellence<\\/li><li>Moral Integrity<\\/li><li>Service to Humanity<\\/li><li>Social Justice<\\/li><\\/ul>\",\"slug\":\"about-page-third-section\"}', '3', '1', '2025-12-21 10:08:20', '2025-12-21 10:08:20', NULL);
INSERT INTO `website_content_blocks` (`id`, `page_id`, `type`, `identifier`, `content`, `order`, `is_active`, `created_at`, `updated_at`, `deleted_at`) VALUES ('4', '1', 'template', 'about-page-fourth-section', '{\"heading1\":\"University Management\",\"imageUrl1\":\"\\/assets\\/images\\/management.jpg\",\"content1\":\"<p>Our management team is led by the Vice-Chancellor, supported by principal officers and deans of faculties.<\\/p>\",\"content2\":\"<p>Together, they work to ensure the smooth administration and strategic growth of the university.<\\/p>\",\"slug\":\"about-page-fourth-section\"}', '4', '1', '2025-12-21 10:08:20', '2025-12-21 10:08:20', NULL);
INSERT INTO `website_content_blocks` (`id`, `page_id`, `type`, `identifier`, `content`, `order`, `is_active`, `created_at`, `updated_at`, `deleted_at`) VALUES ('43', '10', 'stats', 'research_stats', '{\"heading\":\"Research Statistics\",\"subheading\":\"Placeholder subheading for Research Statistics\",\"content\":\"Lorem ipsum dolor sit amet.\"}', '3', '1', '2025-12-21 11:13:53', '2025-12-21 11:13:53', NULL);
INSERT INTO `website_content_blocks` (`id`, `page_id`, `type`, `identifier`, `content`, `order`, `is_active`, `created_at`, `updated_at`, `deleted_at`) VALUES ('44', '10', 'sdgs', 'research_sdgs', '{\"heading\":\"SDG Groups\",\"subheading\":\"Placeholder subheading for SDG Groups\",\"content\":\"Lorem ipsum dolor sit amet.\"}', '4', '1', '2025-12-21 11:13:53', '2025-12-21 11:13:53', NULL);
INSERT INTO `website_content_blocks` (`id`, `page_id`, `type`, `identifier`, `content`, `order`, `is_active`, `created_at`, `updated_at`, `deleted_at`) VALUES ('54', '7', 'template', 'campus-life-page-first-section', '{\"heading1\":\"Campus Life === Experience\",\"content1\":{\"nodeType\":\"document\",\"data\":[],\"content\":[{\"nodeType\":\"paragraph\",\"data\":[],\"content\":[{\"nodeType\":\"text\",\"value\":\"Discover a vibrant community where academic excellence meets social engagement. From student clubs to sports and cultural events, there is always something happening at Veritas.\",\"marks\":[],\"data\":[]}]}]},\"imageUrl1\":\"https:\\/\\/res.cloudinary.com\\/dbhjueg2l\\/image\\/upload\\/v1745703536\\/dance-performance_edcqf4.png\"}', '1', '1', '2025-12-21 11:24:46', '2025-12-22 22:38:51', NULL);
INSERT INTO `website_content_blocks` (`id`, `page_id`, `type`, `identifier`, `content`, `order`, `is_active`, `created_at`, `updated_at`, `deleted_at`) VALUES ('55', '7', 'template', 'campus-life-stats', '{\"stats\":[{\"id\":1,\"value\":50,\"suffix\":\"+\",\"label\":\"Student Clubs\"},{\"id\":2,\"value\":20,\"suffix\":\"+\",\"label\":\"Sports Teams\"},{\"id\":3,\"value\":100,\"suffix\":\"+\",\"label\":\"Events Annually\"}]}', '2', '1', '2025-12-21 11:24:46', '2025-12-22 22:38:51', NULL);
INSERT INTO `website_content_blocks` (`id`, `page_id`, `type`, `identifier`, `content`, `order`, `is_active`, `created_at`, `updated_at`, `deleted_at`) VALUES ('56', '7', 'template', 'campus-life-page-second-section', '{\"items\":[{\"heading1\":\"Student Representative Council === SRC\",\"content1\":{\"nodeType\":\"document\",\"data\":[],\"content\":[{\"nodeType\":\"paragraph\",\"data\":[],\"content\":[{\"nodeType\":\"text\",\"value\":\"The Student Representative Council represents the interests of all students. We work to ensure a conducive environment for learning and social interaction.\",\"marks\":[],\"data\":[]}]}]},\"imageUrl1\":\"https:\\/\\/res.cloudinary.com\\/dbhjueg2l\\/image\\/upload\\/v1745491782\\/sisi-2689_xk5trj.jpg\"},{\"heading1\":\"Catholic Youth Organization === CYON\",\"content1\":{\"nodeType\":\"document\",\"data\":[],\"content\":[{\"nodeType\":\"paragraph\",\"data\":[],\"content\":[{\"nodeType\":\"text\",\"value\":\"The CYON fosters spiritual growth and community service among Catholic students. We organize retreats, masses, and charitable activities.\",\"marks\":[],\"data\":[]}]}]},\"imageUrl1\":\"https:\\/\\/res.cloudinary.com\\/dbhjueg2l\\/image\\/upload\\/v1745703440\\/chaplaincyHolySeeImg_wzusz8.png\"}]}', '3', '1', '2025-12-21 11:24:46', '2025-12-22 22:38:51', NULL);
INSERT INTO `website_content_blocks` (`id`, `page_id`, `type`, `identifier`, `content`, `order`, `is_active`, `created_at`, `updated_at`, `deleted_at`) VALUES ('57', '7', 'system', 'campus-life-student-groups', '{\"heading\":\"Join a Student Group\",\"subheading\":\"Find your community.\"}', '4', '1', '2025-12-21 11:24:46', '2025-12-22 22:38:52', NULL);
INSERT INTO `website_content_blocks` (`id`, `page_id`, `type`, `identifier`, `content`, `order`, `is_active`, `created_at`, `updated_at`, `deleted_at`) VALUES ('58', '7', 'system', 'campus-life-events', '{\"heading\":\"Recent Students Events\",\"subheading\":\"See what is happening on campus.\"}', '5', '1', '2025-12-21 11:24:46', '2025-12-22 22:38:52', NULL);
INSERT INTO `website_content_blocks` (`id`, `page_id`, `type`, `identifier`, `content`, `order`, `is_active`, `created_at`, `updated_at`, `deleted_at`) VALUES ('59', '4', 'template', 'home-page-first-section', '{\"heading1\":\"Shaping the Future Through Education and Innovation\",\"content1\":{\"nodeType\":\"document\",\"data\":[],\"content\":[{\"nodeType\":\"paragraph\",\"data\":[],\"content\":[{\"nodeType\":\"text\",\"value\":\"Join Veritas University and unlock your potential with our world-class education, modern facilities, and inspiring campus life.\",\"marks\":[],\"data\":[]}]}]},\"list\":[\"https:\\/\\/res.cloudinary.com\\/dbhjueg2l\\/image\\/upload\\/v1745491849\\/Vuna-4625_pnjzzx.jpg\",\"https:\\/\\/res.cloudinary.com\\/dbhjueg2l\\/image\\/upload\\/v1745491816\\/sisi-4557_bdzki6.jpg\",\"https:\\/\\/res.cloudinary.com\\/dbhjueg2l\\/image\\/upload\\/v1745491832\\/Vuna-2019.jpg-_yftz3a.jpg\"],\"stats\":[{\"id\":1,\"value\":50,\"suffix\":\"+\",\"label\":\"Academic Programs\"},{\"id\":2,\"value\":\"10:1\",\"suffix\":\"\",\"label\":\"Student-Faculty Ratio\",\"isRatio\":true},{\"id\":3,\"value\":30000,\"suffix\":\"+\",\"label\":\"Alumni Worldwide\"},{\"id\":4,\"value\":100,\"suffix\":\"+\",\"label\":\"Research Publications\"}],\"quick_links\":[{\"id\":\"1\",\"icon\":\"\\/assets\\/images\\/library.svg\",\"title\":\"Admissions\",\"description\":\"Learn about our admissions process and deadlines.\",\"link\":\"\\/admissions\",\"linkText\":\"Explore Admissions\"},{\"id\":\"2\",\"icon\":\"\\/assets\\/images\\/graduate-hat.svg\",\"title\":\"Programs\",\"description\":\"Explore our undergraduate and postgraduate programs.\",\"link\":\"\\/undergraduate\",\"linkText\":\"View Programs\"},{\"id\":\"3\",\"icon\":\"\\/assets\\/images\\/spreadsheet.svg\",\"title\":\"Student Portal\",\"description\":\"Access academic records, course materials, and more.\",\"link\":\"https:\\/\\/admission.veritas.edu.ng\\/admission\",\"linkText\":\"Go to Portal\"}]}', '1', '1', '2025-12-21 11:38:10', '2025-12-22 22:36:30', '2025-12-22 22:36:30');
INSERT INTO `website_content_blocks` (`id`, `page_id`, `type`, `identifier`, `content`, `order`, `is_active`, `created_at`, `updated_at`, `deleted_at`) VALUES ('60', '4', 'discover', 'home-discover', '{\"heading\":\"Discover Our Top Programs and Departments\",\"subheading\":\"From cutting-edge research to hands-on learning, explore the diverse programs and departments that empower our students to excel.\",\"items\":[{\"id\":\"1\",\"title\":\"faculty of mbbs\",\"imgSrc\":\"https:\\/\\/res.cloudinary.com\\/dbhjueg2l\\/image\\/upload\\/v1745491849\\/Vuna-4626_lohyz5.jpg\",\"link\":\"\\/undergraduate\\/mbbs-medicine-and-surgery\",\"subtitle\":\"Medicine\",\"description\":\"The Computer Science Department at our institution is dedicated to providing cutting-edge education and research opportunities in the rapidly evolving field of computer\",\"image_url\":null,\"href\":\"\\/undergraduate\\/mbbs-medicine-and-surgery\"},{\"id\":\"2\",\"title\":\"faculty of health sciences\",\"imgSrc\":\"https:\\/\\/res.cloudinary.com\\/dbhjueg2l\\/image\\/upload\\/v1745491816\\/sisi-4557_bdzki6.jpg\",\"link\":\"\\/undergraduate\\/bsc-nursing-science\",\"subtitle\":\"Nursing science\",\"description\":null,\"image_url\":null,\"href\":\"\\/undergraduate\\/bsc-nursing-science\"},{\"id\":\"3\",\"title\":\"faculty of engineering\",\"imgSrc\":\"https:\\/\\/res.cloudinary.com\\/dbhjueg2l\\/image\\/upload\\/v1745491832\\/Vuna-2019.jpg-_yftz3a.jpg\",\"link\":\"\\/undergraduate\\/b-eng-computer-engineering\",\"subtitle\":\"Computer Engineering\",\"description\":null,\"image_url\":null,\"href\":\"\\/undergraduate\\/b-eng-computer-engineering\"},{\"id\":\"4\",\"title\":\"faculty of social sciences\",\"imgSrc\":\"https:\\/\\/res.cloudinary.com\\/dbhjueg2l\\/image\\/upload\\/v1745492266\\/MTG-2188_skcr9g.jpg\",\"link\":\"\\/undergraduate\\/bsc-mass-communication\",\"subtitle\":\"Mass Communication\",\"description\":null,\"image_url\":\"https:\\/\\/res.cloudinary.com\\/dbhjueg2l\\/image\\/upload\\/v1745492266\\/MTG-2188_skcr9g.jpg\",\"href\":\"\\/undergraduate\\/bsc-mass-communication\"},{\"id\":\"5\",\"title\":\"Active sports and student events that foster student development.\",\"imgSrc\":\"https:\\/\\/res.cloudinary.com\\/dbhjueg2l\\/image\\/upload\\/v1745491720\\/sisi-2442_ta8un6.jpg\",\"link\":\"\\/campus-life\",\"subtitle\":null,\"description\":null,\"image_url\":null,\"href\":null},{\"id\":\"6\",\"title\":\"Dedicated to supporting the spiritual life of our students, staff, and families.\",\"imgSrc\":\"https:\\/\\/res.cloudinary.com\\/dbhjueg2l\\/image\\/upload\\/v1745703440\\/chaplaincyHolySeeImg_wzusz8.png\",\"link\":\"\\/chaplaincy\",\"subtitle\":null,\"description\":null,\"image_url\":null,\"href\":null}]}', '2', '1', '2025-12-21 11:38:10', '2025-12-25 22:27:02', NULL);
INSERT INTO `website_content_blocks` (`id`, `page_id`, `type`, `identifier`, `content`, `order`, `is_active`, `created_at`, `updated_at`, `deleted_at`) VALUES ('61', '4', 'template', 'home-page-third-section', '{\"heading1\":\"Research Highlights\",\"content1\":{\"nodeType\":\"document\",\"data\":[],\"content\":[{\"nodeType\":\"paragraph\",\"data\":[],\"content\":[{\"nodeType\":\"text\",\"value\":\"Explore our commitment to advancing knowledge through impactful research.\",\"marks\":[],\"data\":[]}]}]},\"imageUrl1\":\"https:\\/\\/res.cloudinary.com\\/dbhjueg2l\\/image\\/upload\\/v1745492224\\/MTG-4553_tuouqt.jpg\",\"heading2\":\"200\",\"content2\":{\"nodeType\":\"document\",\"data\":[],\"content\":[{\"nodeType\":\"paragraph\",\"data\":[],\"content\":[{\"nodeType\":\"text\",\"value\":\"Peer-Reviewed Papers Published Annually\",\"marks\":[],\"data\":[]}]}]},\"heading3\":\"50\",\"content3\":{\"nodeType\":\"document\",\"data\":[],\"content\":[{\"nodeType\":\"paragraph\",\"data\":[],\"content\":[{\"nodeType\":\"text\",\"value\":\"Ongoing Research Initiatives\",\"marks\":[],\"data\":[]}]}]},\"heading4\":\"30\",\"content4\":{\"nodeType\":\"document\",\"data\":[],\"content\":[{\"nodeType\":\"paragraph\",\"data\":[],\"content\":[{\"nodeType\":\"text\",\"value\":\"Partnerships with Leading Organizations\",\"marks\":[],\"data\":[]}]}]}}', '3', '1', '2025-12-21 11:38:10', '2025-12-22 22:38:24', '2025-12-22 22:38:24');
INSERT INTO `website_content_blocks` (`id`, `page_id`, `type`, `identifier`, `content`, `order`, `is_active`, `created_at`, `updated_at`, `deleted_at`) VALUES ('62', '4', 'services', 'home-services', '{\"heading\":\"Why Choose Veritas University?\",\"subheading\":\"Academic Excellence, Vibrant Campus Life, and Endless Opportunities.\",\"items\":[{\"id\":\"1\",\"title\":\"Active sports and student events that foster student development.\",\"href\":\"\\/campus-life\",\"imgSrc\":\"https:\\/\\/res.cloudinary.com\\/dbhjueg2l\\/image\\/upload\\/v1745491720\\/sisi-2442_ta8un6.jpg\"},{\"id\":\"2\",\"title\":\"State-of-the-art facilities and modern campus.\",\"href\":\"\\/campus-life\",\"imgSrc\":\"https:\\/\\/res.cloudinary.com\\/dbhjueg2l\\/image\\/upload\\/v1745492279\\/MTG-4591_e2a3hv.jpg\"},{\"id\":\"3\",\"title\":\"Extensive academic scholarship programs\",\"href\":\"\\/undergraduate\",\"imgSrc\":\"https:\\/\\/res.cloudinary.com\\/dbhjueg2l\\/image\\/upload\\/v1745491835\\/Vuna-2090.jpg-_iiq5o7.jpg\"},{\"id\":\"4\",\"title\":\"World-class faculty and research opportunities.\",\"href\":\"\\/research\",\"imgSrc\":\"https:\\/\\/res.cloudinary.com\\/dbhjueg2l\\/image\\/upload\\/v1745492224\\/MTG-4553_tuouqt.jpg\"},{\"id\":\"5\",\"title\":\"Dedicated to supporting the spiritual life of our students, staff, and families.\",\"href\":\"\\/chaplaincy\",\"imgSrc\":\"https:\\/\\/res.cloudinary.com\\/dbhjueg2l\\/image\\/upload\\/v1745703440\\/chaplaincyHolySeeImg_wzusz8.png\"},{\"id\":\"6\",\"title\":\"Cultural activities, play and student week.\",\"href\":\"\\/campus-life\",\"imgSrc\":\"https:\\/\\/res.cloudinary.com\\/dbhjueg2l\\/image\\/upload\\/v1745703536\\/dance-performance_edcqf4.png\"}]}', '4', '1', '2025-12-21 11:38:10', '2025-12-25 22:44:15', NULL);
INSERT INTO `website_content_blocks` (`id`, `page_id`, `type`, `identifier`, `content`, `order`, `is_active`, `created_at`, `updated_at`, `deleted_at`) VALUES ('63', '4', 'system', 'home-stay-updated', '{\"heading\":\"Stay Informed\",\"subheading\":\"Latest News and upcoming Events\"}', '5', '1', '2025-12-21 11:38:10', '2025-12-25 22:52:58', NULL);
INSERT INTO `website_content_blocks` (`id`, `page_id`, `type`, `identifier`, `content`, `order`, `is_active`, `created_at`, `updated_at`, `deleted_at`) VALUES ('64', '4', 'admissions', 'home-admissions', '{\"heading\":\"Admissions\",\"subheading\":\"Enrol to our programs\",\"apply_link\":\"https:\\/\\/admission.veritas.edu.ng\\/admission\",\"items\":[{\"id\":\"1\",\"title\":\"Undergraduate\",\"href\":\"\\/undergraduate\",\"imgSrc\":\"https:\\/\\/res.cloudinary.com\\/dbhjueg2l\\/image\\/upload\\/v1745491827\\/Vuna-1971.jpg-_k99bco.jpg\"},{\"id\":\"2\",\"title\":\"Postgraduate\",\"href\":\"\\/postgraduate\",\"imgSrc\":\"https:\\/\\/res.cloudinary.com\\/dbhjueg2l\\/image\\/upload\\/v1745492279\\/MTG-4591_e2a3hv.jpg\"},{\"id\":\"3\",\"title\":\"IJMB\",\"href\":\"\\/undergraduate?degree=IJMB\",\"imgSrc\":\"https:\\/\\/res.cloudinary.com\\/dbhjueg2l\\/image\\/upload\\/v1745491835\\/Vuna-2275.jpg-_rr2ew9.jpg\"},{\"id\":\"4\",\"title\":\"JUPEB\",\"href\":\"\\/undergraduate?degree=JUPEB\",\"imgSrc\":\"https:\\/\\/res.cloudinary.com\\/dbhjueg2l\\/image\\/upload\\/v1745491830\\/Vuna-1989.jpg-_pqky9v.jpg\"}]}', '6', '1', '2025-12-21 11:38:10', '2025-12-26 01:29:05', NULL);
INSERT INTO `website_content_blocks` (`id`, `page_id`, `type`, `identifier`, `content`, `order`, `is_active`, `created_at`, `updated_at`, `deleted_at`) VALUES ('65', '4', 'template', 'home-page-seventh-section', '{\"heading\":\"Peek\",\"subheading\":\"Veritas at a Glance\",\"imageUrl1\":\"https:\\/\\/res.cloudinary.com\\/dbhjueg2l\\/video\\/upload\\/v1746186958\\/veritas-tour_f6xi7t.mp4\",\"heading1\":\"300\",\"content1\":\"Undergraduate and Postgraduate students across different Programmes\",\"heading2\":\"10000\",\"content2\":\"Alumni worldwide making visible impacts and contributing to global development.\",\"heading3\":\"20000000\",\"content3\":\"Grants given to local communities around the institution and beyond.\",\"heading4\":\"56\",\"content4\":\"Academic professors lecturing, researching and contributing to community.\",\"heading5\":\"2002\",\"content5\":\"Our establishment by an Act of Parliament\",\"heading6\":\"15\",\"content6\":\"Research Institutes across several interdisciplinary boundaries\",\"imageUrl1_alt\":null,\"imageUrl1_caption\":null}', '7', '1', '2025-12-21 11:38:10', '2025-12-26 02:33:56', NULL);
INSERT INTO `website_content_blocks` (`id`, `page_id`, `type`, `identifier`, `content`, `order`, `is_active`, `created_at`, `updated_at`, `deleted_at`) VALUES ('66', '4', 'map', 'home-map', '{\"heading\":\"Our Location\",\"description\":\"Find us on the map.\",\"iframe_url\":\"https:\\/\\/www.google.com\\/maps\\/embed?pb=!1m18!1m12!1m3!1d3937.4746850914603!2d7.415966956417917!3d9.291139060217317!2m3!1f0!2f0!3f0!3m2!1i1024!2i768!4f13.1!3m3!1m2!1s0x104e0bfaa64afab3%3A0xf8088b575d0eec30!2sVeritas%20University%20Abuja!5e0!3m2!1sen!2s!4v1738754748247!5m2!1sen!2s\",\"address\":\"Veritas University Abuja, Area Council, Bwari 901101, Federal Capital Territory\",\"email\":\"info@veritas.edu.ng, ictsupport@veritas.edu.ng\",\"phone\":\"+234 8120212639\",\"phone_link\":\"+234 8120212639\"}', '8', '1', '2025-12-21 11:38:10', '2025-12-26 02:06:06', NULL);
INSERT INTO `website_content_blocks` (`id`, `page_id`, `type`, `identifier`, `content`, `order`, `is_active`, `created_at`, `updated_at`, `deleted_at`) VALUES ('67', '5', 'template', 'about-page-first-section', '{\"heading1\":\"The Making of Veritas University\",\"content1\":\"Veritas University Abuja (VUA), also known as the Catholic University of Nigeria, was founded by the Catholic Bishops Conference of Nigeria through a resolution given at its March 2002 meeting in Abuja. The initiative was born out of the collective desire of the attending Bishops for a University that would provide high-quality tertiary education according to the tradition of the Catholic Church. The Institution received its provisional operation licence in 2007 from the National Universities Commission and commenced admission of students in October 2008 at its take-off campus in Obehie, Abia State, Nigeria. In 2014, it moved to its permanent site with its campus now located in the Bwari Area Council of the Federal Capital Territory, Abuja. Nigeria.\",\"content2\":\"The University emphasizes moral values, self-reliance, and the development of the students\\u2019 entrepreneurial capabilities for the social and economic benefit of the graduates and the Nigerian society. Our campus is a hub of excellence where curiosity meets innovation. From cutting-edge research initiatives to inclusive extracurricular activities, we prepare our students for the challenges of tomorrow while encouraging them to make a meaningful impact on the world today. With a steadfast commitment to academic rigor, ethical leadership, and societal transformation, Veritas University continues to empower future generations to excel and lead in their respective fields..\",\"imageUrl1\":\"https:\\/\\/res.cloudinary.com\\/dbhjueg2l\\/image\\/upload\\/v1745603546\\/abouthero_ixjrwo.webp\",\"imageUrl1_alt\":null,\"imageUrl1_caption\":null}', '1', '1', '2025-12-21 11:55:38', '2025-12-23 14:36:55', NULL);
INSERT INTO `website_content_blocks` (`id`, `page_id`, `type`, `identifier`, `content`, `order`, `is_active`, `created_at`, `updated_at`, `deleted_at`) VALUES ('68', '5', 'template', 'about-page-second-section', '{\"heading1\":\"Our Journey\",\"content1\":\"Founded in 2007, Veritas University was established to provide a world-class education in Nigeria with a focus on innovation, ethical leadership, and social impact. Over the years, we have grown into a leading institution, recognized for our commitment to academic excellence and research.\",\"content2\":\"2007: Veritas University is founded.\",\"content3\":\"2010: The first batch of graduates completed their programs, many becoming prominent professionals globally.\",\"content4\":\"2015: Introduction of cutting-edge research initiatives in renewable energy and artificial intelligence.\",\"content5\":\"2023 : Recognized as one of Nigeria\\u2019s top universities, with over 30,000 alumni and 50+ academic programs.\",\"imageUrl1\":\"https:\\/\\/res.cloudinary.com\\/dbhjueg2l\\/image\\/upload\\/v1745492247\\/MTG-0080_a83egc.jpg\",\"imageUrl1_alt\":null,\"imageUrl1_caption\":null}', '2', '1', '2025-12-21 11:55:38', '2025-12-26 04:45:51', NULL);
INSERT INTO `website_content_blocks` (`id`, `page_id`, `type`, `identifier`, `content`, `order`, `is_active`, `created_at`, `updated_at`, `deleted_at`) VALUES ('69', '5', 'template', 'about-page-third-section', '{\"heading1\":\"Our Foundation of Excellence\",\"content1\":\"Founded on Catholic values, Veritas University is built on truth, learning, and service. Our legacy continues to shape minds and inspire purpose.\",\"heading2\":\"Our Vision\",\"content2\":{\"nodeType\":\"document\",\"data\":[],\"content\":[{\"nodeType\":\"paragraph\",\"data\":[],\"content\":[{\"nodeType\":\"text\",\"value\":\"Veritas University seeks to be a dynamic community of staff and students with Christian orientation and inspiration who, motivated by the ideals of hard work, integrity, discipline and creativeness, and dedicated to Catholic principles and attitudes, work together to create knowledge for the advancement of the Nigerian society, and to evolve an academic culture of excellence that will make the University rank among the best in the world.\",\"marks\":[],\"data\":[]}]},{\"nodeType\":\"paragraph\",\"data\":[],\"content\":[{\"nodeType\":\"text\",\"value\":\"Like all catholic Universities the world over which have a strong reputation of academic excellence, and whose graduates distinguish themselves in their various fields of learning, due to insistence on quality input, effective monitoring and committed service on the part of the staff, Veritas University, Abuja is poised to model itself after these great catholic Insitutions with due cognizance of the Nigerian milieu so as to achieve the desired results.\",\"marks\":[],\"data\":[]}]}]},\"heading3\":\"Our Mission\",\"content3\":{\"nodeType\":\"document\",\"data\":[],\"content\":[{\"nodeType\":\"paragraph\",\"data\":[],\"content\":[{\"nodeType\":\"text\",\"value\":\"Thus, graduates from the Veritas University, Abuja, after completing their studies, should be able to use the knowledge and skills acquired at the Institution for the upliftment of themselves and the Nigerian society. In totality, the University will produce graduates, irrespective of race, gender, political and religious affiliation, who would possess the following qualities:\",\"marks\":[],\"data\":[]}]},{\"nodeType\":\"paragraph\",\"data\":[],\"content\":[{\"nodeType\":\"text\",\"value\":\"The mission of Veritas University is to provide its students with an integral and holistic formation that combines academic and professional training with physical, moral, spiritual, social, and cultural formation, together with the formation of Christian religious principles and the social Teachings of the Catholic Church. Through research, the University shall engage in the continuous quest for truth. The creation, preservation and dissemination of knowledge for the good of the society (Ex Corde Ecclesiastes no. 30). Based on Christian inspiration and Christ\'s sacrificial witness, the University shall promote authentic human and cultural development modeled on the person of Christ, and shall champion the cause of justice and uprightness in society, work to empower the weak and the marginalized, and promote dialogue and collaboration in human relationships at various levels and among various cultures and religions (Ex Corde Ecclesiastes nos. 31-37). From inception, the University shall encourage and promote research and scholarship in all fields of knowledge (Ex Corde Ecclesiastes, Gen. Norms Art 2:1&2) as well as carry out teaching and other activities by Catholic ideals, principles, and attitudes, while respecting the freedom of conscience of each person.\",\"marks\":[],\"data\":[]}]},{\"nodeType\":\"paragraph\",\"data\":[],\"content\":[{\"nodeType\":\"text\",\"value\":\"Wide and ordered knowledge in an area of academic discipline\",\"marks\":[],\"data\":[]}]},{\"nodeType\":\"paragraph\",\"data\":[],\"content\":[{\"nodeType\":\"text\",\"value\":\"The ability to reason logically\",\"marks\":[],\"data\":[]}]},{\"nodeType\":\"paragraph\",\"data\":[],\"content\":[{\"nodeType\":\"text\",\"value\":\"The ability to communicate clearly in speech and writing with confidence\",\"marks\":[],\"data\":[]}]},{\"nodeType\":\"paragraph\",\"data\":[],\"content\":[{\"nodeType\":\"text\",\"value\":\"Competence in numeric and computer literacy\",\"marks\":[],\"data\":[]}]},{\"nodeType\":\"paragraph\",\"data\":[],\"content\":[{\"nodeType\":\"text\",\"value\":\"Exhibition of such moral values as honesty, humility, truthfulness, love, and high ethics in personal and professional life\",\"marks\":[],\"data\":[]}]},{\"nodeType\":\"paragraph\",\"data\":[],\"content\":[{\"nodeType\":\"text\",\"value\":\"Accepting obligations and responsibilities and having well-developed interpersonal skills and the capacity for teamwork.\",\"marks\":[],\"data\":[]}]}]},\"heading4\":\"Our Philosophy\",\"content4\":\"Our university is founded on the philosophy that all knowledge originates from God and that knowledge is for the service of humanity; consequently, knowledge should be disseminated to individuals without hindrance. Thus, in its bid for excellence, Veritas University, Abuja will promote the highest standards of teaching, research, and community service whilst providing a balanced education for the acquisition of knowledge, practical skill\'s and moral rectitude. The philosophy of the Veritas University, Abuja is inline with the challenge posed by the Second Vatican Council to Institutions of higher Learning \\\"to put forth every effort so that the Christian (human) mind may achieve a public, persistent, universal presence in the whole enterprise of advancing higher culture\\\" (gavissimum education, n.10).\",\"heading5\":\"Our Focus\",\"content5\":{\"nodeType\":{\"title\":null,\"description\":\"Wide and ordered knowledge in an area of academic discipline\"},\"data\":{\"title\":null,\"description\":\"The ability to reason logically\"},\"content\":{\"title\":null,\"description\":\"The ability to communicate clearly in speech and writing with confidence\"},\"1766724040214\":{\"title\":null,\"description\":\"Competence in numeric and computer literacy\"},\"1766724063507\":{\"title\":null,\"description\":\"Exhibition of such moral values as honesty, humility, truthfulness, love, and high ethics in personal and professional life\"},\"1766724076889\":{\"title\":null,\"description\":\"Accepting obligations and responsibilities, and having well-developed interpersonal skills and the capacity for teamwork.\"}},\"content5_description\":\"The University shall be research oriented. This arises from the need for a continuous quest for truth, underscoring the Church\'s belief in the intrinsic value of human knowledge. Emphasis shall be placed on research that grapples with the contemporary human, social, economic, political, cultural, ecological and religious problems of the Nigerian society and the wider human community, and what draws from the rich and diverse cultures of Nigerian peoples in analyzing societal problems paying special attention to their ethical and religious dimensions. In this way, the University shall show itself to be an instrument for the promotion and protection of nature, human dignity, justice, and peace, and economic and political values in Nigeria and globally (Ex Corde Ecclesiastes no. 32)\"}', '3', '1', '2025-12-21 11:55:38', '2025-12-26 05:36:34', NULL);
INSERT INTO `website_content_blocks` (`id`, `page_id`, `type`, `identifier`, `content`, `order`, `is_active`, `created_at`, `updated_at`, `deleted_at`) VALUES ('70', '5', 'template', 'about-page-fourth-section', '{\"heading1\":\"Guiding Forces at Veritas\",\"content1\":\"Guided by faith and vision, our leaders uphold the mission of Veritas University. Through wisdom, service, and dedication, they shape our path and inspire our community.\",\"content2\":\"At Veritas University, leadership is rooted in service, guided by faith, and driven by a shared vision for excellence. Our pillars of leadership \\u2014 from the Pro Chancellor to academic heads, chaplains, and support staff \\u2014 are united by a deep commitment to nurturing not just intellect, but character. They lead with humility and purpose, ensuring that every decision reflects our Catholic values and dedication to the holistic development of our students. Through their wisdom, dedication, and collaborative spirit, they cultivate a thriving environment where truth is pursued, community is fostered, and future leaders are formed.\",\"imageUrl1\":\"https:\\/\\/res.cloudinary.com\\/dbhjueg2l\\/image\\/upload\\/v1745491824\\/VC_rwpbwj.jpg\",\"buttonText\":\"View Management\",\"buttonLink\":\"\\/university-management\",\"imageUrl1_alt\":null,\"imageUrl1_caption\":null}', '4', '1', '2025-12-21 11:55:38', '2025-12-26 03:56:05', NULL);
INSERT INTO `website_content_blocks` (`id`, `page_id`, `type`, `identifier`, `content`, `order`, `is_active`, `created_at`, `updated_at`, `deleted_at`) VALUES ('72', '6', 'template', 'admission-jupeb-page', '{\"heading1\":\"JUPEB Admissions\",\"content1\":\"With over 3,000 students, Veritas is home to a vibrant community. You\'ll be taught by expert academics and have access to some of the best teaching facilities in Abuja, Nigeria.\",\"imageUrl1\":\"https:\\/\\/res.cloudinary.com\\/dbhjueg2l\\/image\\/upload\\/v1745491830\\/Vuna-1989.jpg-_pqky9v.jpg\",\"imageUrl2\":\"https:\\/\\/res.cloudinary.com\\/dbhjueg2l\\/image\\/upload\\/v1745491827\\/Vuna-1971.jpg-_k99bco.jpg\",\"heading2\":\"JUPEB REQUIREMENTS\",\"content2\":{\"nodeType\":\"document\",\"data\":[],\"content\":[{\"nodeType\":\"ordered-list\",\"data\":[],\"content\":[{\"nodeType\":\"list-item\",\"data\":[],\"content\":[{\"nodeType\":\"paragraph\",\"data\":[],\"content\":[{\"nodeType\":\"text\",\"value\":\"Candidates are expected to possess at least five credit passes in their O\\/level results including (English language and Mathematics at not more than 2 sittings in the SSCE\\/GCE organized by WAEC, NECO, NABTEB and should include the major subjects of study)\",\"marks\":[],\"data\":[]}]}]},{\"nodeType\":\"list-item\",\"data\":[],\"content\":[{\"nodeType\":\"paragraph\",\"data\":[],\"content\":[{\"nodeType\":\"text\",\"value\":\"Four (4) Passport photograph, birth certificate and certificate of state of origin\",\"marks\":[],\"data\":[]}]}]},{\"nodeType\":\"list-item\",\"data\":[],\"content\":[{\"nodeType\":\"paragraph\",\"data\":[],\"content\":[{\"nodeType\":\"text\",\"value\":\"No JAMB\\/PUTME is required for admission\",\"marks\":[],\"data\":[]}]}]},{\"nodeType\":\"list-item\",\"data\":[],\"content\":[{\"nodeType\":\"paragraph\",\"data\":[],\"content\":[{\"nodeType\":\"text\",\"value\":\"Awaiting result candidate can also apply\",\"marks\":[],\"data\":[]}]}]},{\"nodeType\":\"list-item\",\"data\":[],\"content\":[{\"nodeType\":\"paragraph\",\"data\":[],\"content\":[{\"nodeType\":\"text\",\"value\":\"Straight admission without screening\",\"marks\":[],\"data\":[]}]}]}]}]},\"heading3\":\"Start Application\",\"content3\":\"Gone through the admission process? Then click the button to start your application.\",\"link1\":\"https:\\/\\/admission.veritas.edu.ng\\/jupeb\",\"heading4\":\"Fill Out Forms\",\"content4\":\"Fill out the forms by providing the appropriate information required. Please ensure that you review your forms properly before submission.\",\"list\":[\"Rev. Fr. Peter Bakwaph === Chairman Admission Committee === +2348039398830\"],\"content2_list_type\":\"numbered\",\"content2_list_items\":{\"1766751510269\":\"Candidates are expected to possess at least five credit passes in their O\\/level results including (English language and Mathematics at not more than 2 sittings in the SSCE\\/GCE organized by WAEC, NECO, NABTEB and should include the major subjects of study)\",\"1766751514463\":\"Four (4) Passport photograph, birth certificate and certificate of state of origin\",\"1766751527197\":\"No JAMB\\/PUTME is required for admission\",\"1766751538871\":\"Awaiting result candidate can also apply\",\"1766751550118\":\"Straight admission without screening\"},\"heading5\":\"Review Of Submissions\",\"content5\":\"Send scanned copies of form and your credentials and send to jupeb@veritas.edu.ng\",\"heading6\":\"Interviewing Process\",\"content6\":\"You can also submit the application forms at the Veritas University JUPEB Foundation School secretariat.\",\"heading7\":\"Final Decision\",\"content7\":\"Upon completion of the interview process, successful candidates will be contacted and issued admission letters.\",\"heading8\":null,\"content8\":null}', '2', '1', '2025-12-21 11:55:38', '2025-12-26 12:21:59', NULL);
INSERT INTO `website_content_blocks` (`id`, `page_id`, `type`, `identifier`, `content`, `order`, `is_active`, `created_at`, `updated_at`, `deleted_at`) VALUES ('73', '6', 'template', 'admission-ijamb-page', '{\"heading1\":\"IJMB Admissions\",\"content1\":{\"nodeType\":\"document\",\"data\":[],\"content\":[{\"nodeType\":\"paragraph\",\"data\":[],\"content\":[{\"nodeType\":\"text\",\"value\":\"The Interim Joint Matriculation Board (IJMB) program offers another pathway to university admission without JAMB.\",\"marks\":[],\"data\":[]}]}]},\"imageUrl1\":\"https:\\/\\/res.cloudinary.com\\/dbhjueg2l\\/image\\/upload\\/v1745491835\\/Vuna-2275.jpg-_rr2ew9.jpg\",\"imageUrl2\":\"https:\\/\\/res.cloudinary.com\\/dbhjueg2l\\/image\\/upload\\/v1745491832\\/Vuna-2019.jpg-_yftz3a.jpg\",\"heading2\":\"Admission Requirements\",\"content2\":{\"nodeType\":\"document\",\"data\":[],\"content\":[{\"nodeType\":\"paragraph\",\"data\":[],\"content\":[{\"nodeType\":\"text\",\"value\":\"Candidates must have 5 O-Level credits. IJMB certificate is accepted in most Nigerian universities for Direct Entry.\",\"marks\":[],\"data\":[]}]}]},\"heading3\":\"How to Apply\",\"content3\":{\"nodeType\":\"document\",\"data\":[],\"content\":[{\"nodeType\":\"paragraph\",\"data\":[],\"content\":[{\"nodeType\":\"text\",\"value\":\"Apply online through our portal.\",\"marks\":[],\"data\":[]}]}]},\"link1\":\"https:\\/\\/admission.veritas.edu.ng\\/ijmb\",\"heading4\":\"Benefits\",\"content4\":{\"nodeType\":\"document\",\"data\":[],\"content\":[{\"nodeType\":\"paragraph\",\"data\":[],\"content\":[{\"nodeType\":\"text\",\"value\":\"IJMB results do not expire and guarantee admission into 200 level.\",\"marks\":[],\"data\":[]}]}]},\"list\":[\"5 Credits in O-Level === Birth Certificate === Testimonial === Passport Photograph\"]}', '3', '1', '2025-12-21 11:55:38', '2025-12-21 15:07:33', NULL);
INSERT INTO `website_content_blocks` (`id`, `page_id`, `type`, `identifier`, `content`, `order`, `is_active`, `created_at`, `updated_at`, `deleted_at`) VALUES ('74', '6', 'template', 'admission-sandwich-page', '{\"heading1\":\"Sandwich Admissions\",\"content1\":{\"nodeType\":\"document\",\"data\":[],\"content\":[{\"nodeType\":\"paragraph\",\"data\":[],\"content\":[{\"nodeType\":\"text\",\"value\":\"Our Sandwich program is designed for working professionals who want to further their education while maintaining their careers.\",\"marks\":[],\"data\":[]}]}]},\"imageUrl1\":\"https:\\/\\/res.cloudinary.com\\/dbhjueg2l\\/image\\/upload\\/v1745491816\\/sisi-4557_bdzki6.jpg\",\"imageUrl2\":\"https:\\/\\/res.cloudinary.com\\/dbhjueg2l\\/image\\/upload\\/v1745491849\\/Vuna-4625_pnjzzx.jpg\",\"heading2\":\"Admission Requirements\",\"content2\":{\"nodeType\":\"document\",\"data\":[],\"content\":[{\"nodeType\":\"paragraph\",\"data\":[],\"content\":[{\"nodeType\":\"text\",\"value\":\"Applicants must possess relevant NCE or Diploma certificates in addition to O-Level credits.\",\"marks\":[],\"data\":[]}]}]},\"heading3\":\"How to Apply\",\"content3\":{\"nodeType\":\"document\",\"data\":[],\"content\":[{\"nodeType\":\"paragraph\",\"data\":[],\"content\":[{\"nodeType\":\"text\",\"value\":\"Pick up a form at the university or apply online.\",\"marks\":[],\"data\":[]}]}]},\"link1\":\"https:\\/\\/admission.veritas.edu.ng\\/sandwich\",\"heading4\":\"Schedule\",\"content4\":{\"nodeType\":\"document\",\"data\":[],\"content\":[{\"nodeType\":\"paragraph\",\"data\":[],\"content\":[{\"nodeType\":\"text\",\"value\":\"Lectures are held during holidays and weekends to accommodate work schedules.\",\"marks\":[],\"data\":[]}]}]},\"list\":[\"NCE\\/Diploma Certificate === 5 Credits in O-Level === Birth Certificate === Employment Letter (Optional)\"]}', '4', '1', '2025-12-21 11:55:38', '2025-12-21 15:07:33', NULL);
INSERT INTO `website_content_blocks` (`id`, `page_id`, `type`, `identifier`, `content`, `order`, `is_active`, `created_at`, `updated_at`, `deleted_at`) VALUES ('75', '6', 'template', 'admission-postgraduate-page', '{\"heading1\":\"Postgraduate Admissions\",\"content1\":{\"nodeType\":\"document\",\"data\":[],\"content\":[{\"nodeType\":\"paragraph\",\"data\":[],\"content\":[{\"nodeType\":\"text\",\"value\":\"Advance your career with our postgraduate degrees. We offer PGD, Masters, and PhD programs across various disciplines.\",\"marks\":[],\"data\":[]}]}]},\"imageUrl1\":\"https:\\/\\/res.cloudinary.com\\/dbhjueg2l\\/image\\/upload\\/v1745492279\\/MTG-4591_e2a3hv.jpg\",\"imageUrl2\":\"https:\\/\\/res.cloudinary.com\\/dbhjueg2l\\/image\\/upload\\/v1745492224\\/MTG-4553_tuouqt.jpg\",\"heading2\":\"Admission Requirements\",\"content2\":{\"nodeType\":\"document\",\"data\":[],\"content\":[{\"nodeType\":\"paragraph\",\"data\":[],\"content\":[{\"nodeType\":\"text\",\"value\":\"A good first degree from a recognized university. For PhD, a Masters degree is required.\",\"marks\":[],\"data\":[]}]}]},\"heading3\":\"How to Apply\",\"content3\":{\"nodeType\":\"document\",\"data\":[],\"content\":[{\"nodeType\":\"paragraph\",\"data\":[],\"content\":[{\"nodeType\":\"text\",\"value\":\"Complete the online application form and submit your transcripts.\",\"marks\":[],\"data\":[]}]}]},\"link1\":\"https:\\/\\/admission.veritas.edu.ng\\/pg\",\"heading4\":\"Research Areas\",\"content4\":{\"nodeType\":\"document\",\"data\":[],\"content\":[{\"nodeType\":\"paragraph\",\"data\":[],\"content\":[{\"nodeType\":\"text\",\"value\":\"Our postgraduate school supports cutting-edge research in Humanities, Sciences, and Social Sciences.\",\"marks\":[],\"data\":[]}]}]},\"list\":[\"NYSC Discharge Certificate === University Degree Certificate === Transcript === 3 Reference Letters\"]}', '5', '1', '2025-12-21 11:55:38', '2025-12-21 15:07:33', NULL);
INSERT INTO `website_content_blocks` (`id`, `page_id`, `type`, `identifier`, `content`, `order`, `is_active`, `created_at`, `updated_at`, `deleted_at`) VALUES ('76', '8', 'template', 'chaplaincy_hero', '{\"heading1\":\"Chaplaincy\",\"content1\":\"<p>Nurturing the spiritual life of the Veritas community.<\\/p>\"}', '1', '1', '2025-12-21 11:55:38', '2025-12-21 11:55:38', NULL);
INSERT INTO `website_content_blocks` (`id`, `page_id`, `type`, `identifier`, `content`, `order`, `is_active`, `created_at`, `updated_at`, `deleted_at`) VALUES ('77', '8', 'template', 'chaplaincy_focus', '{\"heading1\":\"Our Spiritual Focus\",\"content1\":\"<p>We focus on the holistic formation of our students through prayer, sacraments, and service.<\\/p>\"}', '2', '1', '2025-12-21 11:55:38', '2025-12-21 11:55:38', NULL);
INSERT INTO `website_content_blocks` (`id`, `page_id`, `type`, `identifier`, `content`, `order`, `is_active`, `created_at`, `updated_at`, `deleted_at`) VALUES ('78', '8', 'template', 'chaplaincy_holy_see', '{\"heading1\":\"The Holy See\",\"content1\":\"<p>Guided by the teachings of the Catholic Church and the Holy Father.<\\/p>\"}', '3', '1', '2025-12-21 11:55:38', '2025-12-21 11:55:38', NULL);
INSERT INTO `website_content_blocks` (`id`, `page_id`, `type`, `identifier`, `content`, `order`, `is_active`, `created_at`, `updated_at`, `deleted_at`) VALUES ('79', '8', 'template', 'chaplaincy_mass', '{\"heading1\":\"Mass Schedules\",\"content1\":{\"nodeType\":\"document\",\"data\":[],\"content\":[{\"nodeType\":\"unordered-list\",\"data\":[],\"content\":[{\"nodeType\":\"list-item\",\"data\":[],\"content\":[{\"nodeType\":\"paragraph\",\"data\":[],\"content\":[{\"nodeType\":\"text\",\"value\":\"Daily Mass: 6:30 AM, 12:00 PM\",\"marks\":[],\"data\":[]}]}]},{\"nodeType\":\"list-item\",\"data\":[],\"content\":[{\"nodeType\":\"paragraph\",\"data\":[],\"content\":[{\"nodeType\":\"text\",\"value\":\"Sunday Mass: 7:00 AM, 9:00 AM\",\"marks\":[],\"data\":[]}]}]}]}]}}', '4', '1', '2025-12-21 11:55:38', '2025-12-21 14:50:37', NULL);
INSERT INTO `website_content_blocks` (`id`, `page_id`, `type`, `identifier`, `content`, `order`, `is_active`, `created_at`, `updated_at`, `deleted_at`) VALUES ('80', '9', 'template', 'fees-page-first-section', '{\"heading1\":\"Tuition & Fees\",\"content1\":{\"nodeType\":\"document\",\"data\":[],\"content\":[{\"nodeType\":\"paragraph\",\"data\":[],\"content\":[{\"nodeType\":\"text\",\"value\":\"We are committed to providing affordable quality education. Find detailed information about tuition, accommodation, and other fees here.\",\"marks\":[],\"data\":[]}]}]}}', '1', '1', '2025-12-21 11:55:38', '2025-12-21 14:50:37', NULL);
INSERT INTO `website_content_blocks` (`id`, `page_id`, `type`, `identifier`, `content`, `order`, `is_active`, `created_at`, `updated_at`, `deleted_at`) VALUES ('81', '9', 'course_fees', 'fees-course-fees', '{\"heading\":\"Course Fees\",\"items\":[{\"program\":\"Accounting\",\"amount\":\"450,000\",\"faculty\":\"Social Sciences\"},{\"program\":\"Computer Science\",\"amount\":\"550,000\",\"faculty\":\"Natural Sciences\"},{\"program\":\"Law\",\"amount\":\"800,000\",\"faculty\":\"Law\"},{\"program\":\"Medicine & Surgery\",\"amount\":\"1,500,000\",\"faculty\":\"Medical Sciences\"}]}', '2', '1', '2025-12-21 11:55:38', '2025-12-21 11:55:38', NULL);
INSERT INTO `website_content_blocks` (`id`, `page_id`, `type`, `identifier`, `content`, `order`, `is_active`, `created_at`, `updated_at`, `deleted_at`) VALUES ('82', '9', 'accommodation_fees', 'fees-accommodation-fees', '{\"heading\":\"Accommodation\",\"items\":[{\"type\":\"4 Bed Space\",\"amount\":\"100,000\"},{\"type\":\"2 Bed Space\",\"amount\":\"200,000\"},{\"type\":\"Self Contain\",\"amount\":\"400,000\"}]}', '3', '1', '2025-12-21 11:55:38', '2025-12-21 11:55:38', NULL);
INSERT INTO `website_content_blocks` (`id`, `page_id`, `type`, `identifier`, `content`, `order`, `is_active`, `created_at`, `updated_at`, `deleted_at`) VALUES ('83', '9', 'school_accounts', 'fees-school-accounts', '{\"heading\":\"Payment Accounts\",\"items\":[{\"bank\":\"GTBank\",\"account_number\":\"0123456789\",\"account_name\":\"Veritas University Tuition\"},{\"bank\":\"Zenith Bank\",\"account_number\":\"9876543210\",\"account_name\":\"Veritas University Other Charges\"}]}', '4', '1', '2025-12-21 11:55:38', '2025-12-21 11:55:38', NULL);
INSERT INTO `website_content_blocks` (`id`, `page_id`, `type`, `identifier`, `content`, `order`, `is_active`, `created_at`, `updated_at`, `deleted_at`) VALUES ('84', '10', 'template', 'research-page-first-section', '{\"heading1\":\"The University Research Page\",\"content1\":\"As the Directorate of Research at Veritas University Abuja, it is our pleasure to extend a warm welcome to all researchers, scholars, and enthusiasts who share our passion for discovery and innovation. At Veritas University, we believe that research is not just a pursuit of knowledge but a gateway to unlocking solutions to the world\'s most pressing challenges. Our institution is committed to fostering a culture of intellectual curiosity, creativity, and collaboration, where groundbreaking ideas are nurtured and brought to fruition.\",\"imageUrl1\":\"https:\\/\\/res.cloudinary.com\\/dbhjueg2l\\/image\\/upload\\/v1745492224\\/MTG-4553_tuouqt.jpg\"}', '1', '1', '2025-12-21 11:55:38', '2025-12-26 15:40:47', NULL);
INSERT INTO `website_content_blocks` (`id`, `page_id`, `type`, `identifier`, `content`, `order`, `is_active`, `created_at`, `updated_at`, `deleted_at`) VALUES ('85', '10', 'template', 'research-page-third-section', '{\"heading1\":\"Recent Publications\",\"items\":[{\"img\":\"\\/assets\\/images\\/publication-a.png\",\"title\":\"Research Articles, Behavioral\\/Cognitive\",\"description\":\"Learning modulates early encephalographic responses to distracting stimuli: a combined SSVEP and ERP study\",\"reference\":\"Journal of Neuroscience 4 April 2025, e1973242025; https:\\/\\/doi.org\\/10.1523\\/JNEUROSCI.1973-24.2025\",\"subtext\":\"Research Articles, Behavioral\\/Cognitive\"},{\"img\":\"\\/assets\\/images\\/publication-b.png\",\"title\":\"Research Articles, Behavioral\\/Cognitive\",\"description\":\"Learning modulates early encephalographic responses to distracting stimuli: a combined SSVEP and ERP study\",\"reference\":\"Journal of Neuroscience 4 April 2025, e1973242025; https:\\/\\/doi.org\\/10.1523\\/JNEUROSCI.1973-24.2025\",\"subtext\":\"Research Articles, Behavioral\\/Cognitive\"}]}', '4', '1', '2025-12-21 11:55:38', '2025-12-21 15:20:30', NULL);
INSERT INTO `website_content_blocks` (`id`, `page_id`, `type`, `identifier`, `content`, `order`, `is_active`, `created_at`, `updated_at`, `deleted_at`) VALUES ('86', '10', 'template', 'research-groups-list', '{\"heading1\":\"Our Research Focus and Themes\",\"content1\":{\"nodeType\":\"document\",\"data\":[],\"content\":[{\"nodeType\":\"paragraph\",\"data\":[],\"content\":[{\"nodeType\":\"text\",\"value\":\"Explore our specialized research teams.\",\"marks\":[],\"data\":[]}]}]},\"items\":[{\"title\":\"SLAC National Accelerator Laboratory\",\"image\":\"https:\\/\\/res.cloudinary.com\\/dbhjueg2l\\/image\\/upload\\/v1745703411\\/cpu_dggfra.png\",\"link\":\"slac\"},{\"title\":\"Neuroscience\",\"image\":\"https:\\/\\/res.cloudinary.com\\/dbhjueg2l\\/image\\/upload\\/v1745703416\\/jellyfish_kfpoww.png\",\"link\":\"neuroscience\"},{\"title\":\"Mechanical labs and research\",\"image\":\"https:\\/\\/res.cloudinary.com\\/dbhjueg2l\\/image\\/upload\\/v1745703410\\/engine_j8lojv.png\",\"link\":\"mechanical-labs\"},{\"title\":\"Biomedical Sciences\",\"image\":\"https:\\/\\/res.cloudinary.com\\/dbhjueg2l\\/image\\/upload\\/v1745703409\\/mouse_s4txno.png\",\"link\":\"biomedical-sciences\"},{\"title\":\"SLAC National Accelerator Laboratory\",\"image\":\"https:\\/\\/res.cloudinary.com\\/dbhjueg2l\\/image\\/upload\\/v1745703408\\/architectural-plan_icqwcq.png\",\"link\":\"slac\"},{\"title\":\"Psychology\",\"image\":\"https:\\/\\/res.cloudinary.com\\/dbhjueg2l\\/image\\/upload\\/v1745602146\\/painted-face_gz9egr.png\",\"link\":\"psychology\"}]}', '3', '1', '2025-12-21 11:55:38', '2025-12-21 14:41:26', NULL);
INSERT INTO `website_content_blocks` (`id`, `page_id`, `type`, `identifier`, `content`, `order`, `is_active`, `created_at`, `updated_at`, `deleted_at`) VALUES ('87', '11', 'template', 'news-page-hero', '{\"heading1\":\"News & Events\",\"content1\":{\"nodeType\":\"document\",\"data\":[],\"content\":[{\"nodeType\":\"paragraph\",\"data\":[],\"content\":[{\"nodeType\":\"text\",\"value\":\"Stay updated with the latest happenings at Veritas University.\",\"marks\":[],\"data\":[]}]}]}}', '1', '1', '2025-12-21 12:14:27', '2025-12-21 14:53:18', NULL);
INSERT INTO `website_content_blocks` (`id`, `page_id`, `type`, `identifier`, `content`, `order`, `is_active`, `created_at`, `updated_at`, `deleted_at`) VALUES ('88', '11', 'system', 'news-highlighted-events', '{\"heading\":\"Highlighted Events\",\"subheading\":\"Don\'t miss these upcoming events.\"}', '2', '1', '2025-12-21 12:14:27', '2025-12-21 12:14:27', NULL);
INSERT INTO `website_content_blocks` (`id`, `page_id`, `type`, `identifier`, `content`, `order`, `is_active`, `created_at`, `updated_at`, `deleted_at`) VALUES ('89', '11', 'system', 'news-listing', '{\"heading\":\"Latest News\",\"subheading\":\"Browse all news and events.\"}', '3', '1', '2025-12-21 12:14:27', '2025-12-21 12:14:27', NULL);
INSERT INTO `website_content_blocks` (`id`, `page_id`, `type`, `identifier`, `content`, `order`, `is_active`, `created_at`, `updated_at`, `deleted_at`) VALUES ('90', '12', 'template', 'undergraduate-page-hero', '{\"heading1\":\"Undergraduate School\",\"content1\":\"<p>Join our vibrant community of learners and leaders. Discover programs that ignite your passion and prepare you for the future.<\\/p>\",\"imageUrl1\":\"\\/assets\\/images\\/undergraduate\\/hero-bg-1.jpg\",\"imageUrl2\":\"\\/assets\\/images\\/undergraduate\\/hero-bg-2.jpg\",\"list\":[\"Graduates === 5000\",\"Faculties === 6\",\"Departments === 30\",\"Students === 10000\"]}', '1', '1', '2025-12-21 12:14:27', '2025-12-21 12:14:27', NULL);
INSERT INTO `website_content_blocks` (`id`, `page_id`, `type`, `identifier`, `content`, `order`, `is_active`, `created_at`, `updated_at`, `deleted_at`) VALUES ('91', '12', 'system', 'undergraduate-programs-list', '{\"heading\":\"Explore Our Undergraduate Programs\",\"subheading\":\"Find the perfect program for you.\"}', '2', '1', '2025-12-21 12:14:27', '2025-12-21 12:14:27', NULL);
INSERT INTO `website_content_blocks` (`id`, `page_id`, `type`, `identifier`, `content`, `order`, `is_active`, `created_at`, `updated_at`, `deleted_at`) VALUES ('92', '12', 'template', 'undergraduate-page-third-section', '{\"heading1\":\"Why Choose Veritas?\",\"content1\":{\"nodeType\":\"document\",\"data\":[],\"content\":[{\"nodeType\":\"paragraph\",\"data\":[],\"content\":[{\"nodeType\":\"text\",\"value\":\"We provide a holistic education that empowers you to succeed in your chosen career and in life.\",\"marks\":[],\"data\":[]}]}]},\"heading2\":\"Academic Excellence\",\"content2\":{\"nodeType\":\"document\",\"data\":[],\"content\":[{\"nodeType\":\"paragraph\",\"data\":[],\"content\":[{\"nodeType\":\"text\",\"value\":\"Our curriculum is designed to challenge and inspire you.\",\"marks\":[],\"data\":[]}]}]},\"heading3\":\"Vibrant Campus Life\",\"content3\":{\"nodeType\":\"document\",\"data\":[],\"content\":[{\"nodeType\":\"paragraph\",\"data\":[],\"content\":[{\"nodeType\":\"text\",\"value\":\"Experience a community that supports your personal and spiritual growth.\",\"marks\":[],\"data\":[]}]}]},\"heading4\":\"Career Opportunities\",\"content4\":{\"nodeType\":\"document\",\"data\":[],\"content\":[{\"nodeType\":\"paragraph\",\"data\":[],\"content\":[{\"nodeType\":\"text\",\"value\":\"We prepare you for the global job market with practical skills and internships.\",\"marks\":[],\"data\":[]}]}]}}', '3', '1', '2025-12-21 12:14:27', '2025-12-23 01:20:36', NULL);
INSERT INTO `website_content_blocks` (`id`, `page_id`, `type`, `identifier`, `content`, `order`, `is_active`, `created_at`, `updated_at`, `deleted_at`) VALUES ('93', '13', 'template', 'postgraduate-page-hero', '{\"heading1\":\"Postgraduate School\",\"content1\":\"<p>Advance your career with our world-class postgraduate programs. Engage in research that matters.<\\/p>\",\"imageUrl1\":\"\\/assets\\/images\\/postgraduate\\/hero-bg.jpg\"}', '1', '1', '2025-12-21 12:14:27', '2025-12-21 12:14:27', NULL);
INSERT INTO `website_content_blocks` (`id`, `page_id`, `type`, `identifier`, `content`, `order`, `is_active`, `created_at`, `updated_at`, `deleted_at`) VALUES ('94', '13', 'system', 'postgraduate-programs-list', '{\"heading\":\"Explore Postgraduate Programs\",\"subheading\":\"Masters, PhD, and PGD programs.\"}', '2', '1', '2025-12-21 12:14:27', '2025-12-21 12:14:27', NULL);
INSERT INTO `website_content_blocks` (`id`, `page_id`, `type`, `identifier`, `content`, `order`, `is_active`, `created_at`, `updated_at`, `deleted_at`) VALUES ('95', '14', 'template', 'a-z-page-hero', '{\"heading1\":\"A\\u2013Z Index of Veritas University\",\"content1\":{\"nodeType\":\"document\",\"data\":[],\"content\":[{\"nodeType\":\"paragraph\",\"data\":[],\"content\":[{\"nodeType\":\"text\",\"value\":\"Use this comprehensive directory to quickly access all departments, services, programs, and university resources. Browse alphabetically or search to find what you\\u2019re looking for.\",\"marks\":[],\"data\":[]}]}]}}', '1', '1', '2025-12-21 12:14:27', '2025-12-21 14:50:37', NULL);
INSERT INTO `website_content_blocks` (`id`, `page_id`, `type`, `identifier`, `content`, `order`, `is_active`, `created_at`, `updated_at`, `deleted_at`) VALUES ('96', '14', 'system', 'a-z-listing', '{\"heading\":\"Directory\",\"subheading\":\"Browse by alphabet.\",\"az_list\":[{\"alphabet\":\"A\",\"routes\":[{\"name\":\"About Us\",\"link\":\"\\/about\",\"description\":\"Get to know Veritas University, its mission, and history.\"},{\"name\":\"Admissions\",\"link\":\"\\/admissions\",\"description\":\"Start your journey\\u2014review admission requirements and how to apply.\"}]},{\"alphabet\":\"B\",\"routes\":[]},{\"alphabet\":\"C\",\"routes\":[{\"name\":\"Chaplaincy at Veritas\",\"link\":\"\\/chaplaincy\",\"description\":\"Learn about our spiritual support and chaplaincy services.\"},{\"name\":\"Campus Life\",\"link\":\"\\/campus-life\",\"description\":\"Experience student life, clubs, facilities, and more at Veritas.\"}]},{\"alphabet\":\"D\",\"routes\":[]},{\"alphabet\":\"E\",\"routes\":[]},{\"alphabet\":\"F\",\"routes\":[{\"name\":\"FAQ\",\"link\":\"\\/faq\",\"description\":\"Find answers to commonly asked questions about Veritas University.\"}]},{\"alphabet\":\"G\",\"routes\":[]},{\"alphabet\":\"H\",\"routes\":[{\"name\":\"Home\",\"link\":\"\\/\",\"description\":\"Welcome to Veritas University \\u2013 your gateway to academic excellence.\"}]},{\"alphabet\":\"I\",\"routes\":[]},{\"alphabet\":\"J\",\"routes\":[]},{\"alphabet\":\"K\",\"routes\":[]},{\"alphabet\":\"L\",\"routes\":[]},{\"alphabet\":\"M\",\"routes\":[]},{\"alphabet\":\"N\",\"routes\":[{\"name\":\"News and Events\",\"link\":\"\\/news-and-events\",\"description\":\"Stay updated with the latest happenings and announcements.\"}]},{\"alphabet\":\"O\",\"routes\":[]},{\"alphabet\":\"P\",\"routes\":[{\"name\":\"Postgraduate Programs\",\"link\":\"\\/postgraduate\",\"description\":\"Advance your education with our specialized postgraduate offerings.\"}]},{\"alphabet\":\"Q\",\"routes\":[]},{\"alphabet\":\"R\",\"routes\":[{\"name\":\"Research\",\"link\":\"\\/research\",\"description\":\"Discover our innovative research initiatives and academic contributions.\"}]},{\"alphabet\":\"S\",\"routes\":[]},{\"alphabet\":\"T\",\"routes\":[{\"name\":\"Fees\",\"link\":\"\\/fees\",\"description\":\"Explore tuition fees, payment plans, and financial aid options.\"}]},{\"alphabet\":\"U\",\"routes\":[{\"name\":\"Undergraduate Programs\",\"link\":\"\\/undergraduate\",\"description\":\"Browse our diverse undergraduate programs across various disciplines.\"},{\"name\":\"University Management\",\"link\":\"\\/university-management\",\"description\":\"Meet the leadership team guiding Veritas University.\"}]},{\"alphabet\":\"V\",\"routes\":[]},{\"alphabet\":\"W\",\"routes\":[]},{\"alphabet\":\"X\",\"routes\":[]},{\"alphabet\":\"Y\",\"routes\":[]},{\"alphabet\":\"Z\",\"routes\":[]}]}', '2', '1', '2025-12-21 12:14:27', '2025-12-21 12:22:19', NULL);
INSERT INTO `website_content_blocks` (`id`, `page_id`, `type`, `identifier`, `content`, `order`, `is_active`, `created_at`, `updated_at`, `deleted_at`) VALUES ('97', '15', 'template', 'faq-page-hero', '{\"heading1\":\"Frequently Asked Questions\",\"content1\":{\"nodeType\":\"document\",\"data\":[],\"content\":[{\"nodeType\":\"paragraph\",\"data\":[],\"content\":[{\"nodeType\":\"text\",\"value\":\"Find answers to the most common questions about admissions, academics, campus life, and student services. Still need help? Our team is here to support you.\",\"marks\":[],\"data\":[]}]}]}}', '1', '1', '2025-12-21 12:14:27', '2025-12-21 14:50:37', NULL);
INSERT INTO `website_content_blocks` (`id`, `page_id`, `type`, `identifier`, `content`, `order`, `is_active`, `created_at`, `updated_at`, `deleted_at`) VALUES ('98', '15', 'system', 'faq-listing', '{\"heading\":\"Questions\",\"subheading\":\"Search or browse questions.\"}', '2', '1', '2025-12-21 12:14:27', '2025-12-21 12:14:27', NULL);
INSERT INTO `website_content_blocks` (`id`, `page_id`, `type`, `identifier`, `content`, `order`, `is_active`, `created_at`, `updated_at`, `deleted_at`) VALUES ('99', '16', 'template', 'management-page-hero', '{\"heading1\":\"University Management\",\"content1\":{\"nodeType\":\"document\",\"data\":[],\"content\":[{\"nodeType\":\"paragraph\",\"data\":[],\"content\":[{\"nodeType\":\"text\",\"value\":\"Meet the visionary leaders guiding Veritas University towards excellence.\",\"marks\":[],\"data\":[]}]}]}}', '1', '1', '2025-12-21 12:14:27', '2025-12-21 14:50:37', NULL);
INSERT INTO `website_content_blocks` (`id`, `page_id`, `type`, `identifier`, `content`, `order`, `is_active`, `created_at`, `updated_at`, `deleted_at`) VALUES ('100', '16', 'system', 'management-leadership', '{\"heading\":\"Principal Officers\",\"subheading\":\"Key decision makers.\"}', '2', '1', '2025-12-21 12:14:27', '2025-12-21 12:14:27', NULL);
INSERT INTO `website_content_blocks` (`id`, `page_id`, `type`, `identifier`, `content`, `order`, `is_active`, `created_at`, `updated_at`, `deleted_at`) VALUES ('101', '16', 'system', 'management-other', '{\"heading\":\"Management Team\",\"subheading\":\"Heads of units and departments.\"}', '3', '1', '2025-12-21 12:14:27', '2025-12-21 12:14:27', NULL);
INSERT INTO `website_content_blocks` (`id`, `page_id`, `type`, `identifier`, `content`, `order`, `is_active`, `created_at`, `updated_at`, `deleted_at`) VALUES ('102', '12', 'template', 'undergraduate-page-first-section', '{\"heading1\":\"Undergraduate School\",\"content1\":{\"nodeType\":\"document\",\"data\":[],\"content\":[{\"nodeType\":\"paragraph\",\"data\":[],\"content\":[{\"nodeType\":\"text\",\"value\":\"Join our vibrant community of learners and leaders. Discover programs that ignite your passion and prepare you for the future.\",\"marks\":[],\"data\":[]}]}]},\"imageUrl1\":\"https:\\/\\/res.cloudinary.com\\/dbhjueg2l\\/image\\/upload\\/v1745491827\\/Vuna-1971.jpg-_k99bco.jpg\",\"imageUrl2\":\"https:\\/\\/res.cloudinary.com\\/dbhjueg2l\\/image\\/upload\\/v1745491830\\/Vuna-1989.jpg-_pqky9v.jpg\",\"list\":[\"Graduates === 5000\",\"Faculties === 6\",\"Departments === 30\",\"Students === 10000\"]}', '1', '1', '2025-12-21 12:22:19', '2025-12-23 01:20:36', NULL);
INSERT INTO `website_content_blocks` (`id`, `page_id`, `type`, `identifier`, `content`, `order`, `is_active`, `created_at`, `updated_at`, `deleted_at`) VALUES ('103', '13', 'template', 'postgraduate-page-first-section', '{\"heading1\":\"Postgraduate School\",\"content1\":{\"nodeType\":\"document\",\"data\":[],\"content\":[{\"nodeType\":\"paragraph\",\"data\":[],\"content\":[{\"nodeType\":\"text\",\"value\":\"Advance your career with our world-class postgraduate programs. Engage in research that matters.\",\"marks\":[],\"data\":[]}]}]},\"imageUrl1\":\"\\/assets\\/images\\/postgraduate\\/hero-bg.jpg\",\"list\":[\"Masters === 20\",\"PhDs === 10\",\"PGD === 5\",\"Research Centers === 4\"]}', '1', '1', '2025-12-21 12:22:19', '2025-12-23 01:20:36', NULL);
INSERT INTO `website_content_blocks` (`id`, `page_id`, `type`, `identifier`, `content`, `order`, `is_active`, `created_at`, `updated_at`, `deleted_at`) VALUES ('104', '8', 'template', 'chaplaincy-page-first-section', '{\"heading1\":\"Chaplaincy\",\"content1\":{\"nodeType\":\"document\",\"data\":[],\"content\":[{\"nodeType\":\"paragraph\",\"data\":[],\"content\":[{\"nodeType\":\"text\",\"value\":\"Nurturing the spiritual life of the Veritas community.\",\"marks\":[],\"data\":[]}]}]}}', '1', '1', '2025-12-21 13:40:59', '2025-12-21 14:50:37', NULL);
INSERT INTO `website_content_blocks` (`id`, `page_id`, `type`, `identifier`, `content`, `order`, `is_active`, `created_at`, `updated_at`, `deleted_at`) VALUES ('105', '8', 'template', 'chaplaincy-page-second-section', '{\"heading1\":\"Our Spiritual Focus\",\"content1\":{\"nodeType\":\"document\",\"data\":[],\"content\":[{\"nodeType\":\"paragraph\",\"data\":[],\"content\":[{\"nodeType\":\"text\",\"value\":\"We focus on the holistic formation of our students through prayer, sacraments, and service.\",\"marks\":[],\"data\":[]}]}]}}', '2', '1', '2025-12-21 13:40:59', '2025-12-21 14:50:37', NULL);
INSERT INTO `website_content_blocks` (`id`, `page_id`, `type`, `identifier`, `content`, `order`, `is_active`, `created_at`, `updated_at`, `deleted_at`) VALUES ('106', '8', 'template', 'chaplaincy-page-third-section', '{\"heading1\":\"The Holy See\",\"content1\":{\"nodeType\":\"document\",\"data\":[],\"content\":[{\"nodeType\":\"paragraph\",\"data\":[],\"content\":[{\"nodeType\":\"text\",\"value\":\"Guided by the teachings of the Catholic Church and the Holy Father.\",\"marks\":[],\"data\":[]}]}]}}', '3', '1', '2025-12-21 13:40:59', '2025-12-21 14:50:37', NULL);
INSERT INTO `website_content_blocks` (`id`, `page_id`, `type`, `identifier`, `content`, `order`, `is_active`, `created_at`, `updated_at`, `deleted_at`) VALUES ('107', '10', 'template', 'research-page-stats', '{\"stats\":[{\"id\":1,\"value\":15,\"suffix\":\" Institutes\",\"label\":\"Cross interdisciplinary boundaries\"},{\"id\":2,\"value\":\"200\",\"suffix\":\"+\",\"label\":\"Published article and manuscript\"},{\"id\":3,\"value\":2.2,\"prefix\":\"\\u20a6\",\"suffix\":\" Billion\",\"label\":\"Sponsored research budget\"}]}', '2', '1', '2025-12-21 14:12:11', '2025-12-22 22:38:51', NULL);
INSERT INTO `website_content_blocks` (`id`, `page_id`, `type`, `identifier`, `content`, `order`, `is_active`, `created_at`, `updated_at`, `deleted_at`) VALUES ('108', '10', 'template', 'research-sdgs', '{\"heading1\":\"Sustainable Development Goals === SDGs\",\"items\":[{\"label\":\"No Poverty\",\"bgColor\":\"#E5243B\",\"color\":\"#FFFFFF\"},{\"label\":\"Zero Hunger\",\"bgColor\":\"#DDA63A\",\"color\":\"#FFFFFF\"},{\"label\":\"Good Health\",\"bgColor\":\"#4C9F38\",\"color\":\"#FFFFFF\"},{\"label\":\"Quality Education\",\"bgColor\":\"#C5192D\",\"color\":\"#FFFFFF\"},{\"label\":\"Gender Equality\",\"bgColor\":\"#FF3A21\",\"color\":\"#FFFFFF\"},{\"label\":\"Clean Water\",\"bgColor\":\"#26BDE2\",\"color\":\"#FFFFFF\"}]}', '3', '1', '2025-12-21 15:07:33', '2025-12-22 22:38:51', NULL);
INSERT INTO `website_content_blocks` (`id`, `page_id`, `type`, `identifier`, `content`, `order`, `is_active`, `created_at`, `updated_at`, `deleted_at`) VALUES ('109', '6', 'template', 'admission-undergraduate-page', '{\"heading1\":\"Undergraduate study\",\"content1\":\"With over 3,000 students, Veritas is home to a vibrant community. You\'ll be taught by expert academics and have access to some of the best teaching facilities in Abuja, Nigeria.\",\"imageUrl1\":\"https:\\/\\/res.cloudinary.com\\/dbhjueg2l\\/image\\/upload\\/v1745491827\\/Vuna-1971.jpg-_k99bco.jpg\",\"imageUrl2\":\"https:\\/\\/res.cloudinary.com\\/dbhjueg2l\\/image\\/upload\\/v1745491830\\/Vuna-1989.jpg-_pqky9v.jpg\",\"heading2\":\"who can apply for our undergraduate programme\",\"content2\":{\"nodeType\":\"document\",\"data\":[],\"content\":[{\"nodeType\":\"ordered-list\",\"data\":[],\"content\":[{\"nodeType\":\"list-item\",\"data\":[],\"content\":[{\"nodeType\":\"paragraph\",\"data\":[],\"content\":[{\"nodeType\":\"text\",\"value\":\"Candidate who made Veritas University their first and second choice.\",\"marks\":[],\"data\":[]}]}]},{\"nodeType\":\"list-item\",\"data\":[],\"content\":[{\"nodeType\":\"paragraph\",\"data\":[],\"content\":[{\"nodeType\":\"text\",\"value\":\"Candidate who score minimum of 170 in the last UTME examination.\",\"marks\":[],\"data\":[]}]}]},{\"nodeType\":\"list-item\",\"data\":[],\"content\":[{\"nodeType\":\"paragraph\",\"data\":[],\"content\":[{\"nodeType\":\"text\",\"value\":\"Candidates who didn\'t choose Veritas University in the last UTME Exams.\",\"marks\":[],\"data\":[]}]}]},{\"nodeType\":\"list-item\",\"data\":[],\"content\":[{\"nodeType\":\"paragraph\",\"data\":[],\"content\":[{\"nodeType\":\"text\",\"value\":\"Transfer candidates from other higher institution.\",\"marks\":[],\"data\":[]}]}]},{\"nodeType\":\"list-item\",\"data\":[],\"content\":[{\"nodeType\":\"paragraph\",\"data\":[],\"content\":[{\"nodeType\":\"text\",\"value\":\"Direct entry candidate\",\"marks\":[],\"data\":[]}]}]}]}]},\"heading3\":\"Start Application\",\"content3\":\"Visit our admissions portal to complete your application form online. Upload necessary documents and pay the application fee.\",\"link1\":\"https:\\/\\/admission.veritas.edu.ng\",\"heading4\":\"Tuition & Fees\",\"content4\":\"On the admissions portal, you will be requested to pay an Application fee of Ten thousand Naira only (N10,000.00) for Undergraduate students. For transfer students, in addition to the application fee you will also be required to pay a transfer fee of Three hundred thousand Naira only (N300,000.00). Please contact Rev. Fr. Dr. Peter Bakwaph: 08039398830 (Chairman Admission Committee) for more information.\",\"list\":[\"Rev. Fr. Dr. Peter Bakwaph === 08039398830 === petersd@veritas.edu.ng\",\"Rev. Fr. Dr. Peter Bakwaph === 09303293230 === petersd@veritas.edu.ng\",\"Rev. Fr. Dr. Peter Bakwaph === 09303293230 === petersd@veritas.edu.ng\"],\"heading5\":\"Fill Out Forms\",\"content5\":\"Fill out the forms by providing the appropriate information required. Please ensure that you review your forms properly before submission.\",\"heading6\":\"Review Of Submissions\",\"content6\":\"Your submissions will be reviewed by a panel made up of members of the Central Admissions Committee at Veritas University, to ascertain your eligibility to study with us.\",\"heading7\":\"Interviewing Process\",\"content7\":\"After the review, you will be scheduled for an online or physical Interview with a member of the Central Admissions Committee.\",\"heading8\":\"Final Decision\",\"content8\":\"Upon completion of the interview process, successful candidates will be contacted and issued admission letters.\",\"content2_list_type\":\"numbered\",\"content2_list_items\":[\"Candidate who made Veritas University their first and second choice.\",\"Candidate who score minimum of 170 in the last UTME examination.\",\"Candidates who didn\'t choose Veritas University in the last UTME Exams.\",\"Transfer candidates from other higher institution.\",\"Direct entry candidate\"]}', '1', '1', '2025-12-21 15:12:15', '2025-12-26 12:15:52', NULL);
INSERT INTO `website_content_blocks` (`id`, `page_id`, `type`, `identifier`, `content`, `order`, `is_active`, `created_at`, `updated_at`, `deleted_at`) VALUES ('110', '16', 'template', 'university-management-page-first-section', '{\"heading1\":\"University Management\",\"content1\":{\"nodeType\":\"document\",\"data\":[],\"content\":[{\"nodeType\":\"paragraph\",\"data\":[],\"content\":[{\"nodeType\":\"text\",\"value\":\"Meet the visionary leaders guiding Veritas University towards excellence.\",\"marks\":[],\"data\":[]}]}]},\"imageUrl1\":\"https:\\/\\/res.cloudinary.com\\/dbhjueg2l\\/image\\/upload\\/v1745491845\\/Vuna-2495_anpcht.jpg\",\"imageUrl2\":\"https:\\/\\/res.cloudinary.com\\/dbhjueg2l\\/image\\/upload\\/v1745491782\\/sisi-2689_xk5trj.jpg\"}', '1', '1', '2025-12-21 15:59:35', '2025-12-21 15:59:35', NULL);
INSERT INTO `website_content_blocks` (`id`, `page_id`, `type`, `identifier`, `content`, `order`, `is_active`, `created_at`, `updated_at`, `deleted_at`) VALUES ('111', '4', 'template', 'home-page-first-section', '{\"heading1\":\"Shaping the Future Through Education and Innovation\",\"content1\":{\"nodeType\":\"document\",\"data\":[],\"content\":[{\"nodeType\":\"paragraph\",\"data\":[],\"content\":[{\"nodeType\":\"text\",\"value\":\"Join Veritas University and unlock your potential with our world-class education, modern facilities, and inspiring campus life.\",\"marks\":[],\"data\":[]}]}]},\"list\":[\"https:\\/\\/res.cloudinary.com\\/dbhjueg2l\\/image\\/upload\\/v1745491849\\/Vuna-4625_pnjzzx.jpg\",\"https:\\/\\/res.cloudinary.com\\/dbhjueg2l\\/image\\/upload\\/v1745491816\\/sisi-4557_bdzki6.jpg\",\"https:\\/\\/res.cloudinary.com\\/dbhjueg2l\\/image\\/upload\\/v1745491832\\/Vuna-2019.jpg-_yftz3a.jpg\"],\"stats\":[{\"id\":1,\"value\":50,\"suffix\":\"+\",\"label\":\"Academic Programs\"},{\"id\":2,\"value\":\"10:1\",\"suffix\":\"\",\"label\":\"Student-Faculty Ratio\",\"isRatio\":true},{\"id\":3,\"value\":30000,\"suffix\":\"+\",\"label\":\"Alumni Worldwide\"},{\"id\":4,\"value\":100,\"suffix\":\"+\",\"label\":\"Research Publications\"}],\"quick_links\":[{\"id\":\"1\",\"icon\":\"\\/assets\\/images\\/library.svg\",\"title\":\"Admissions\",\"description\":\"Learn about our admissions process and deadlines.\",\"link\":\"\\/admissions\",\"linkText\":\"Explore Admissions\"},{\"id\":\"2\",\"icon\":\"\\/assets\\/images\\/graduate-hat.svg\",\"title\":\"Programs\",\"description\":\"Explore our undergraduate and postgraduate programs.\",\"link\":\"\\/undergraduate\",\"linkText\":\"View Programs\"},{\"id\":\"3\",\"icon\":\"\\/assets\\/images\\/spreadsheet.svg\",\"title\":\"Student Portal\",\"description\":\"Access academic records, course materials, and more.\",\"link\":\"https:\\/\\/admission.veritas.edu.ng\\/admission\",\"linkText\":\"Go to Portal\"}]}', '1', '1', '2025-12-22 22:37:12', '2025-12-22 22:38:24', '2025-12-22 22:38:24');
INSERT INTO `website_content_blocks` (`id`, `page_id`, `type`, `identifier`, `content`, `order`, `is_active`, `created_at`, `updated_at`, `deleted_at`) VALUES ('112', '4', 'template', 'home-page-first-section', '{\"heading1\":\"Shaping the Future Through Education and Innovation.\",\"content1\":\"Join Veritas University and unlock your potential with our world-class education, modern facilities, and inspiring campus life.\",\"list\":{\"0\":\"https:\\/\\/res.cloudinary.com\\/dbhjueg2l\\/image\\/upload\\/v1745492194\\/MTG-0106_zwmnhf.jpg\",\"1\":\"https:\\/\\/res.cloudinary.com\\/dbhjueg2l\\/image\\/upload\\/v1745491835\\/Vuna-2275.jpg-_rr2ew9.jpg\",\"2\":\"https:\\/\\/res.cloudinary.com\\/dbhjueg2l\\/image\\/upload\\/v1745492175\\/MTG-0091_k2ht0v.jpg\",\"4\":\"https:\\/\\/res.cloudinary.com\\/dbhjueg2l\\/image\\/upload\\/v1745492189\\/MTG-0110_yovzyy.jpg\",\"5\":\"https:\\/\\/res.cloudinary.com\\/dbhjueg2l\\/image\\/upload\\/v1745491835\\/Vuna-2275.jpg-_rr2ew9.jpg\",\"6\":\"https:\\/\\/res.cloudinary.com\\/dbhjueg2l\\/image\\/upload\\/v1745492220\\/MTG-0130_zzqqqw.jpg\"},\"stats\":[{\"id\":\"1\",\"value\":\"50\",\"suffix\":\"+\",\"label\":\"Academic Programs\"},{\"id\":\"2\",\"value\":\"15:1\",\"suffix\":null,\"label\":\"Students to Staff Ratio\"},{\"id\":\"3\",\"value\":\"7000\",\"suffix\":\"+\",\"label\":\"Alumni Worldwide\"},{\"id\":\"4\",\"value\":\"300\",\"suffix\":\"+\",\"label\":\"Research Publications\"}],\"quick_links\":[{\"id\":\"1\",\"icon\":\"\\/assets\\/images\\/library.svg\",\"title\":\"Admissions\",\"description\":\"Learn about our admissions process and deadlines.\",\"link\":\"\\/admissions\",\"linkText\":\"Explore Admissions\"},{\"id\":\"2\",\"icon\":\"\\/assets\\/images\\/graduate-hat.svg\",\"title\":\"Programs\",\"description\":\"Explore our undergraduate and postgraduate programs.\",\"link\":\"\\/undergraduate\",\"linkText\":\"View Programs\"},{\"id\":\"3\",\"icon\":\"\\/assets\\/images\\/spreadsheet.svg\",\"title\":\"Student Portal\",\"description\":\"Access academic records, course materials, and more.\",\"link\":\"https:\\/\\/admission.veritas.edu.ng\\/admission\",\"linkText\":\"Go to Portal\"}]}', '1', '1', '2025-12-22 22:38:51', '2025-12-24 05:30:24', NULL);
INSERT INTO `website_content_blocks` (`id`, `page_id`, `type`, `identifier`, `content`, `order`, `is_active`, `created_at`, `updated_at`, `deleted_at`) VALUES ('113', '4', 'template', 'home-page-third-section', '{\"heading1\":\"Driving Innovation Through Research\",\"content1\":\"At Veritas University, our cutting-edge research paves the way for groundbreaking discoveries and real-world impact.\",\"imageUrl1\":\"https:\\/\\/res.cloudinary.com\\/dbhjueg2l\\/image\\/upload\\/v1745492247\\/MTG-0080_a83egc.jpg\",\"heading2\":\"2000\",\"content2\":\"Peer-Reviewed Papers Published Annually\",\"heading3\":\"70\",\"content3\":\"Ongoing Research Initiatives\",\"heading4\":\"50\",\"content4\":\"Partnerships with Leading Organizations\",\"imageUrl1_alt\":null,\"imageUrl1_caption\":null}', '3', '1', '2025-12-22 22:38:51', '2025-12-25 22:34:19', NULL);

DROP TABLE IF EXISTS `website_news`;
CREATE TABLE `website_news` (
  `id` bigint(20) unsigned NOT NULL AUTO_INCREMENT,
  `heading` varchar(255) NOT NULL,
  `subheading` varchar(255) DEFAULT NULL,
  `slug` varchar(255) NOT NULL,
  `image_url` varchar(255) DEFAULT NULL,
  `overview` longtext DEFAULT NULL,
  `content` longtext DEFAULT NULL,
  `email` varchar(255) DEFAULT NULL,
  `facebook_url` varchar(255) DEFAULT NULL,
  `instagram_url` varchar(255) DEFAULT NULL,
  `twitter_url` varchar(255) DEFAULT NULL,
  `youtube_url` varchar(255) DEFAULT NULL,
  `linkedin_url` varchar(255) DEFAULT NULL,
  `whatsapp_number` varchar(255) DEFAULT NULL,
  `phone_number` varchar(255) DEFAULT NULL,
  `address` varchar(255) DEFAULT NULL,
  `page` varchar(255) DEFAULT NULL,
  `average_time_to_read` varchar(255) DEFAULT NULL,
  `author` varchar(255) DEFAULT NULL,
  `published_at` timestamp NULL DEFAULT NULL,
  `is_active` tinyint(1) NOT NULL DEFAULT 1,
  `created_at` timestamp NULL DEFAULT NULL,
  `updated_at` timestamp NULL DEFAULT NULL,
  PRIMARY KEY (`id`),
  UNIQUE KEY `website_news_slug_unique` (`slug`)
) ENGINE=InnoDB AUTO_INCREMENT=5 DEFAULT CHARSET=utf8mb4 COLLATE=utf8mb4_unicode_ci;

INSERT INTO `website_news` (`id`, `heading`, `subheading`, `slug`, `image_url`, `overview`, `content`, `email`, `facebook_url`, `instagram_url`, `twitter_url`, `youtube_url`, `linkedin_url`, `whatsapp_number`, `phone_number`, `address`, `page`, `average_time_to_read`, `author`, `published_at`, `is_active`, `created_at`, `updated_at`) VALUES ('1', 'Veritas University Wins National Debate Championship', 'Our students have done it again!', 'debate-championship-win', 'https://res.cloudinary.com/dbhjueg2l/image/upload/v1745492224/MTG-4553_tuouqt.jpg', '{\"nodeType\":\"document\",\"data\":[],\"content\":[{\"nodeType\":\"paragraph\",\"data\":[],\"content\":[{\"nodeType\":\"text\",\"value\":\"Veritas University debate team has emerged victorious at the National Universities Debate Championship held in Lagos.\",\"marks\":[],\"data\":[]}]}]}', '{\"nodeType\":\"document\",\"data\":[],\"content\":[{\"nodeType\":\"paragraph\",\"data\":[],\"content\":[{\"nodeType\":\"text\",\"value\":\"The Veritas University debate team has once again demonstrated academic excellence by winning the National Universities Debate Championship. The team, comprising students from various departments, defeated 20 other universities to clinch the trophy. The Vice Chancellor, Prof. Hyacinth Ichoku, congratulated the team and commended their hard work and dedication.\",\"marks\":[],\"data\":[]}]}]}', NULL, NULL, NULL, NULL, NULL, NULL, NULL, NULL, NULL, NULL, '5 min read', 'Media Team', '2025-12-22 00:00:00', '1', '2025-12-21 15:59:35', '2025-12-25 23:59:44');
INSERT INTO `website_news` (`id`, `heading`, `subheading`, `slug`, `image_url`, `overview`, `content`, `email`, `facebook_url`, `instagram_url`, `twitter_url`, `youtube_url`, `linkedin_url`, `whatsapp_number`, `phone_number`, `address`, `page`, `average_time_to_read`, `author`, `published_at`, `is_active`, `created_at`, `updated_at`) VALUES ('2', 'Admissions Open for 2025/2026 Academic Session', 'Apply now for Undergraduate and Postgraduate programs', 'admissions-open-2025', 'https://res.cloudinary.com/dbhjueg2l/image/upload/v1745491827/Vuna-1971.jpg-_k99bco.jpg', '{\"nodeType\":\"document\",\"data\":[],\"content\":[{\"nodeType\":\"paragraph\",\"data\":[],\"content\":[{\"nodeType\":\"text\",\"value\":\"Applications are now invited from suitably qualified candidates for admission into Veritas University for the 2025\\/2026 academic session.\",\"marks\":[],\"data\":[]}]}]}', '{\"nodeType\":\"document\",\"data\":[],\"content\":[{\"nodeType\":\"paragraph\",\"data\":[],\"content\":[{\"nodeType\":\"text\",\"value\":\"Veritas University, Abuja, has commenced the sale of application forms for the 2025\\/2026 academic session. Interested candidates can apply for various Undergraduate and Postgraduate programs. The University offers a serene learning environment, modern facilities, and a commitment to moral and academic excellence. Visit the admissions portal to apply.\",\"marks\":[],\"data\":[]}]}]}', NULL, NULL, NULL, NULL, NULL, NULL, NULL, NULL, NULL, NULL, '3 min read', 'Admissions Unit', '2025-12-20 00:00:00', '1', '2025-12-21 15:59:35', '2025-12-26 01:36:09');
INSERT INTO `website_news` (`id`, `heading`, `subheading`, `slug`, `image_url`, `overview`, `content`, `email`, `facebook_url`, `instagram_url`, `twitter_url`, `youtube_url`, `linkedin_url`, `whatsapp_number`, `phone_number`, `address`, `page`, `average_time_to_read`, `author`, `published_at`, `is_active`, `created_at`, `updated_at`) VALUES ('3', 'Convocation Ceremony Set for November', 'Celebrating our graduating students', 'convocation-ceremony-2025', 'https://res.cloudinary.com/dbhjueg2l/image/upload/v1745492279/MTG-4591_e2a3hv.jpg', '{\"nodeType\":\"document\",\"data\":[],\"content\":[{\"nodeType\":\"paragraph\",\"data\":[],\"content\":[{\"nodeType\":\"text\",\"value\":\"Veritas University is set to hold its 14th Convocation Ceremony this November to celebrate the achievements of its graduating students.\",\"marks\":[],\"data\":[]}]}]}', '{\"nodeType\":\"document\",\"data\":[],\"content\":[{\"nodeType\":\"paragraph\",\"data\":[],\"content\":[{\"nodeType\":\"text\",\"value\":\"The Vice Chancellor has announced that the 14th Convocation Ceremony of Veritas University will take place in November 2025. The event will feature the award of degrees, presentation of prizes, and the investiture of the new Chancellor. Parents, guardians, and the general public are invited to join in the celebration.\",\"marks\":[],\"data\":[]}]}]}', NULL, NULL, NULL, NULL, NULL, NULL, NULL, NULL, NULL, NULL, '4 min read', 'Registry', '2025-12-17 22:38:50', '1', '2025-12-21 15:59:35', '2025-12-22 22:38:51');
INSERT INTO `website_news` (`id`, `heading`, `subheading`, `slug`, `image_url`, `overview`, `content`, `email`, `facebook_url`, `instagram_url`, `twitter_url`, `youtube_url`, `linkedin_url`, `whatsapp_number`, `phone_number`, `address`, `page`, `average_time_to_read`, `author`, `published_at`, `is_active`, `created_at`, `updated_at`) VALUES ('4', 'Veritas Hosts Chimamnda Ngozi Adichie', 'It was a joyous moment for most of the students, many of whom were seeing the writer for the first time in real life, and they took advantage of the moment to make the best of the opportunity of her visit.', 'veritas-hosts-chimamnda-ngozi-adichie', 'https://res.cloudinary.com/dbhjueg2l/image/upload/v1766702934/adichie_bgf51c.jpg', '{\"nodeType\":\"document\",\"data\":[],\"content\":[{\"nodeType\":\"paragraph\",\"data\":[],\"content\":[{\"nodeType\":\"text\",\"value\":\"The leadership of Veritas University, Bwari-Abuja led by the Vice Chancellor, Rev. Fr. Prof. Hyacinth Ichoku led hundred of students and staff of the University to host award winning, renowned Nigerian writer, Chimamanda Ngozi Adichie at the new lecture theatre Wednesday July 2nd, 2025.\",\"marks\":[],\"data\":[]}]}]}', '{\"nodeType\":\"document\",\"data\":[],\"content\":[{\"nodeType\":\"paragraph\",\"data\":[],\"content\":[{\"nodeType\":\"text\",\"value\":\"It was a joyous moment for most of the students, many of whom were seeing the writer for the first time in real life, and they took advantage of the moment to make the best of the opportunity of her visit.\",\"marks\":[],\"data\":[]}]},{\"nodeType\":\"paragraph\",\"data\":[],\"content\":[{\"nodeType\":\"text\",\"value\":\"The Vice Chancellor of Veritas University, Abuja, Rev. Fr. Professor Hyacinth Ichoku, in a welcome address, said the University was proud to be associated with Ms. Chimamanda Ngozi Adichie.\",\"marks\":[],\"data\":[]}]},{\"nodeType\":\"paragraph\",\"data\":[],\"content\":[{\"nodeType\":\"text\",\"value\":\"According to the Vice Chancellor,\",\"marks\":[],\"data\":[]}]},{\"nodeType\":\"paragraph\",\"data\":[],\"content\":[{\"nodeType\":\"text\",\"value\":\"\\u201cIf she were born in an era later than she was, she would have been a product of Veritas University, a citadel of learning that has repeatedly proven that it\'s the place where champions are made.\",\"marks\":[],\"data\":[]}]},{\"nodeType\":\"paragraph\",\"data\":[],\"content\":[{\"nodeType\":\"text\",\"value\":\"And the records speak for themselves: we are the undisputed national, African and Commonwealth debating champions. We are the proud winners of the African Telecommunications Union Innovation challenge, a continent-wide challenge that came with a princely prize of $20,000!\",\"marks\":[],\"data\":[]}]},{\"nodeType\":\"paragraph\",\"data\":[],\"content\":[{\"nodeType\":\"text\",\"value\":\"Like Chimamanda Adichie that burst on the global stage with her spectacularly successful Purple Hibiscus, neither Veritas nor her students have rested even with those spectacular awards that they have won. One of our students, a young sophomore, is a consultant to ECOWAS, another one was selected as the Microsoft MVP Ambassador; some of our students become chartered accountants before they leave school. Even when they do not remain in their traditional top positions, they do not slip to obscurity. That is the Veritas Spirit.\\u201d\",\"marks\":[],\"data\":[]}]},{\"nodeType\":\"paragraph\",\"data\":[],\"content\":[{\"nodeType\":\"text\",\"value\":\"In an interactive session moderated by Professor Gabriel Bassey Egbe, the celebrated writer spoke on a wide range of issues ranging from her first book, Purple Hibiscus, to her latest novel, Dreams Count.\",\"marks\":[],\"data\":[]}]},{\"nodeType\":\"paragraph\",\"data\":[],\"content\":[{\"nodeType\":\"text\",\"value\":\"Earlier in the day, the writer was presented with gifts and other items by the University Debating Team.\",\"marks\":[],\"data\":[]}]},{\"nodeType\":\"paragraph\",\"data\":[],\"content\":[{\"nodeType\":\"text\",\"value\":\"Speaking with journalists after her interactive session with the University community, the celebrated writer, who is a known feminist, warned that \\u201cthe world has lost so much by excluding women from participating in various aspects of society including education and politics\\u201d.\",\"marks\":[],\"data\":[]}]},{\"nodeType\":\"paragraph\",\"data\":[],\"content\":[{\"nodeType\":\"text\",\"value\":\"According to her, feminism was a justice movement like every other movement in the world for groups of people excluded by society. The writer, however, decried that feminism has been politicised because a lot of people do not understand what feminism was truly all about.\",\"marks\":[],\"data\":[]}]},{\"nodeType\":\"paragraph\",\"data\":[],\"content\":[{\"nodeType\":\"text\",\"value\":\"\\u201cWhen I say feminism is politicized, what I mean is that people don\'t understand what feminism really means. People add all kinds of political meanings. Oh, it\'s a woman who wants to fight men, all of that, but it\\u2019s not.\",\"marks\":[],\"data\":[]}]},{\"nodeType\":\"paragraph\",\"data\":[],\"content\":[{\"nodeType\":\"text\",\"value\":\"If you think about it, it\'s a justice movement in the same way that racial justice is a justice movement, the movement for people with disabilities, all movements that have excluded groups of people, that\'s the same thing that it is. It\'s a justice movement.\\u201d\",\"marks\":[],\"data\":[]}]},{\"nodeType\":\"paragraph\",\"data\":[],\"content\":[{\"nodeType\":\"text\",\"value\":\"The writer, who said the world cheated itself thinking it should be all about the men, maintained that the world would have brought in more talent and intelligence to every sector by embracing full inclusion of women.\",\"marks\":[],\"data\":[]}]},{\"nodeType\":\"paragraph\",\"data\":[],\"content\":[{\"nodeType\":\"text\",\"value\":\"According to her, there was a need to fix certain things where women have been excluded to enable them to participate actively in activities and decision-making. As men and women, though different biologically, they are equal.\",\"marks\":[],\"data\":[]}]},{\"nodeType\":\"paragraph\",\"data\":[],\"content\":[{\"nodeType\":\"text\",\"value\":\"Veritas students had a first-hand opportunity for her to autograph their books while others joined her for group photographs and personal selfies.\",\"marks\":[],\"data\":[]}]}]}', NULL, NULL, NULL, NULL, NULL, NULL, NULL, NULL, NULL, NULL, NULL, 'Veritas PRO', '2025-07-06 00:00:00', '1', '2025-12-25 23:54:23', '2025-12-26 00:21:11');

DROP TABLE IF EXISTS `website_events`;
CREATE TABLE `website_events` (
  `id` bigint(20) unsigned NOT NULL AUTO_INCREMENT,
  `heading` varchar(255) NOT NULL,
  `subheading` varchar(255) DEFAULT NULL,
  `slug` varchar(255) DEFAULT NULL,
  `image_url` varchar(255) DEFAULT NULL,
  `location` varchar(255) DEFAULT NULL,
  `start_date_and_time` datetime DEFAULT NULL,
  `end_date_and_time` datetime DEFAULT NULL,
  `event_type` varchar(255) DEFAULT NULL,
  `is_active` tinyint(1) NOT NULL DEFAULT 1,
  `created_at` timestamp NULL DEFAULT NULL,
  `updated_at` timestamp NULL DEFAULT NULL,
  PRIMARY KEY (`id`),
  UNIQUE KEY `website_events_slug_unique` (`slug`)
) ENGINE=InnoDB AUTO_INCREMENT=14 DEFAULT CHARSET=utf8mb4 COLLATE=utf8mb4_unicode_ci;

INSERT INTO `website_events` (`id`, `heading`, `subheading`, `slug`, `image_url`, `location`, `start_date_and_time`, `end_date_and_time`, `event_type`, `is_active`, `created_at`, `updated_at`) VALUES ('1', 'Universities Football Clubs', NULL, 'universities-football-clubs', 'https://res.cloudinary.com/dbhjueg2l/image/upload/v1745703542/soccer-game-2_mzg5lq.png', 'Veritas Campus', '2025-12-14 14:44:54', '2025-12-18 16:44:54', 'social', '1', '2025-12-21 11:24:46', '2025-12-21 14:44:54');
INSERT INTO `website_events` (`id`, `heading`, `subheading`, `slug`, `image_url`, `location`, `start_date_and_time`, `end_date_and_time`, `event_type`, `is_active`, `created_at`, `updated_at`) VALUES ('2', 'Student Week', NULL, 'student-week', 'https://res.cloudinary.com/dbhjueg2l/image/upload/v1745703549/student-of-the-week_syvj3u.png', 'Veritas Campus', '2025-11-23 14:44:55', '2025-12-17 16:44:55', 'social', '1', '2025-12-21 11:24:46', '2025-12-21 14:44:55');
INSERT INTO `website_events` (`id`, `heading`, `subheading`, `slug`, `image_url`, `location`, `start_date_and_time`, `end_date_and_time`, `event_type`, `is_active`, `created_at`, `updated_at`) VALUES ('3', 'Hausa Community Wins Cultural Competition Cup', NULL, 'hausa-community-wins-cultural-competition-cup', 'https://res.cloudinary.com/dbhjueg2l/image/upload/v1745703536/dance-performance_edcqf4.png', 'Veritas Campus', '2025-12-07 14:44:56', '2025-11-21 16:44:56', 'social', '1', '2025-12-21 11:24:46', '2025-12-21 14:44:56');
INSERT INTO `website_events` (`id`, `heading`, `subheading`, `slug`, `image_url`, `location`, `start_date_and_time`, `end_date_and_time`, `event_type`, `is_active`, `created_at`, `updated_at`) VALUES ('4', 'Golden Boys Won The Trophy With Penalty Shootout', 'Golden Boys Won The Trophy With Penalty Shootout on the dates', 'golden-boys-won-the-trophy-with-penalty-shootout', 'https://res.cloudinary.com/dbhjueg2l/image/upload/v1745703551/sports_f6zd8p.png', 'Veritas Campus', '2025-12-03 14:44:00', '2025-12-28 16:44:00', 'social', '1', '2025-12-21 11:24:46', '2025-12-26 00:54:36');
INSERT INTO `website_events` (`id`, `heading`, `subheading`, `slug`, `image_url`, `location`, `start_date_and_time`, `end_date_and_time`, `event_type`, `is_active`, `created_at`, `updated_at`) VALUES ('5', 'Amazulu vs Golden Boys', NULL, 'amazulu-vs-golden-boys', 'https://res.cloudinary.com/dbhjueg2l/image/upload/v1745703545/soccer-game_jj5lta.png', 'Veritas Campus', '2025-11-21 14:45:00', '2025-12-13 16:45:00', 'social', '1', '2025-12-21 11:24:46', '2025-12-21 14:45:00');
INSERT INTO `website_events` (`id`, `heading`, `subheading`, `slug`, `image_url`, `location`, `start_date_and_time`, `end_date_and_time`, `event_type`, `is_active`, `created_at`, `updated_at`) VALUES ('6', 'Cultural Competition', NULL, 'cultural-competition', 'https://res.cloudinary.com/dbhjueg2l/image/upload/v1745703530/cultural-day_rnxldp.png', 'Veritas Campus', '2025-11-24 14:45:02', '2025-12-06 16:45:02', 'social', '1', '2025-12-21 11:24:46', '2025-12-21 14:45:02');
INSERT INTO `website_events` (`id`, `heading`, `subheading`, `slug`, `image_url`, `location`, `start_date_and_time`, `end_date_and_time`, `event_type`, `is_active`, `created_at`, `updated_at`) VALUES ('7', 'Inter-Faculty Football Tournament', NULL, 'inter-faculty-football-tournament', 'https://res.cloudinary.com/dbhjueg2l/image/upload/v1745703542/soccer-game-2_mzg5lq.png', 'Veritas Campus', '2025-11-26 22:38:50', '2025-11-26 00:38:50', 'Sports', '1', '2025-12-21 14:50:36', '2025-12-22 22:38:50');
INSERT INTO `website_events` (`id`, `heading`, `subheading`, `slug`, `image_url`, `location`, `start_date_and_time`, `end_date_and_time`, `event_type`, `is_active`, `created_at`, `updated_at`) VALUES ('8', 'Student Week Opening Ceremony', NULL, 'student-week-opening-ceremony', 'https://res.cloudinary.com/dbhjueg2l/image/upload/v1745703549/student-of-the-week_syvj3u.png', 'Veritas Campus', '2025-12-01 22:38:50', '2025-12-14 00:38:50', 'Social', '1', '2025-12-21 14:50:36', '2025-12-22 22:38:50');
INSERT INTO `website_events` (`id`, `heading`, `subheading`, `slug`, `image_url`, `location`, `start_date_and_time`, `end_date_and_time`, `event_type`, `is_active`, `created_at`, `updated_at`) VALUES ('9', 'Cultural Day Celebration', NULL, 'cultural-day-celebration', 'https://res.cloudinary.com/dbhjueg2l/image/upload/v1745703536/dance-performance_edcqf4.png', 'Veritas Campus', '2025-12-02 22:38:50', '2025-11-24 00:38:50', 'Cultural', '1', '2025-12-21 14:50:36', '2025-12-22 22:38:50');
INSERT INTO `website_events` (`id`, `heading`, `subheading`, `slug`, `image_url`, `location`, `start_date_and_time`, `end_date_and_time`, `event_type`, `is_active`, `created_at`, `updated_at`) VALUES ('10', 'Veritas Sports Festival', NULL, 'veritas-sports-festival', 'https://res.cloudinary.com/dbhjueg2l/image/upload/v1745703551/sports_f6zd8p.png', 'Veritas Campus', '2025-12-07 22:38:50', '2025-12-16 00:38:50', 'Sports', '1', '2025-12-21 14:50:36', '2025-12-22 22:38:50');
INSERT INTO `website_events` (`id`, `heading`, `subheading`, `slug`, `image_url`, `location`, `start_date_and_time`, `end_date_and_time`, `event_type`, `is_active`, `created_at`, `updated_at`) VALUES ('11', 'Novelty Match: Staff vs Students', NULL, 'novelty-match-staff-vs-students', 'https://res.cloudinary.com/dbhjueg2l/image/upload/v1745703545/soccer-game_jj5lta.png', 'Veritas Campus', '2025-12-04 22:38:50', '2025-11-30 00:38:50', 'Sports', '1', '2025-12-21 14:50:36', '2025-12-22 22:38:50');
INSERT INTO `website_events` (`id`, `heading`, `subheading`, `slug`, `image_url`, `location`, `start_date_and_time`, `end_date_and_time`, `event_type`, `is_active`, `created_at`, `updated_at`) VALUES ('12', 'Drama Night', NULL, 'drama-night', 'https://res.cloudinary.com/dbhjueg2l/image/upload/v1745703530/cultural-day_rnxldp.png', 'Veritas Campus', '2025-12-10 22:38:50', '2025-11-29 00:38:50', 'Arts', '1', '2025-12-21 14:50:36', '2025-12-22 22:38:50');
INSERT INTO `website_events` (`id`, `heading`, `subheading`, `slug`, `image_url`, `location`, `start_date_and_time`, `end_date_and_time`, `event_type`, `is_active`, `created_at`, `updated_at`) VALUES ('13', 'Christmas Holiday Resumption', 'The University will be reopening after the Christmas break on the 5th of January 2026 and the students are expected to return to the campus from 9th to 11th January 2026.', 'christmas-holiday-resumption', 'https://res.cloudinary.com/dbhjueg2l/image/upload/v1745491835/Vuna-2275.jpg-_rr2ew9.jpg', 'Veritas Campus', '2026-01-05 01:56:00', '2026-01-11 01:57:00', 'social', '1', '2025-12-26 00:58:51', '2025-12-26 00:58:51');

DROP TABLE IF EXISTS `website_programs`;
CREATE TABLE `website_programs` (
  `id` bigint(20) unsigned NOT NULL AUTO_INCREMENT,
  `slug` varchar(255) NOT NULL,
  `program_category` varchar(255) DEFAULT NULL,
  `program_level` varchar(255) DEFAULT NULL,
  `degree` varchar(255) DEFAULT NULL,
  `faculty` varchar(255) DEFAULT NULL,
  `duration` int(11) DEFAULT NULL,
  `accredited_students` int(11) DEFAULT NULL,
  `image_url` varchar(255) DEFAULT NULL,
  `program_description` longtext DEFAULT NULL,
  `eligibility_criteria` longtext DEFAULT NULL,
  `how_to_apply` longtext DEFAULT NULL,
  `financial_aid` longtext DEFAULT NULL,
  `research_facilities` longtext DEFAULT NULL,
  `transfer_candidates` longtext DEFAULT NULL,
  `is_active` tinyint(1) NOT NULL DEFAULT 1,
  `created_at` timestamp NULL DEFAULT NULL,
  `updated_at` timestamp NULL DEFAULT NULL,
  `course_id` bigint(20) unsigned DEFAULT NULL,
  `completion_requirements` longtext CHARACTER SET utf8mb4 COLLATE utf8mb4_bin DEFAULT NULL CHECK (json_valid(`completion_requirements`)),
  PRIMARY KEY (`id`),
  UNIQUE KEY `website_programs_slug_unique` (`slug`),
  KEY `website_programs_course_id_foreign` (`course_id`),
  CONSTRAINT `website_programs_course_id_foreign` FOREIGN KEY (`course_id`) REFERENCES `website_courses` (`id`) ON DELETE SET NULL
) ENGINE=InnoDB AUTO_INCREMENT=7 DEFAULT CHARSET=utf8mb4 COLLATE=utf8mb4_unicode_ci;

INSERT INTO `website_programs` (`id`, `slug`, `program_category`, `program_level`, `degree`, `faculty`, `duration`, `accredited_students`, `image_url`, `program_description`, `eligibility_criteria`, `how_to_apply`, `financial_aid`, `research_facilities`, `transfer_candidates`, `is_active`, `created_at`, `updated_at`, `course_id`, `completion_requirements`) VALUES ('1', 'bsc-computer-science', 'undergraduate', 'Bachelor', 'B.Sc.', 'Faculty of Natural and Applied Sciences', '4', NULL, NULL, '{\"nodeType\":\"document\",\"data\":[],\"content\":[{\"nodeType\":\"paragraph\",\"data\":[],\"content\":[{\"nodeType\":\"text\",\"value\":\"The Computer Science program provides a strong foundation in computing principles, software development, and systems analysis.\",\"marks\":[],\"data\":[]}]}]}', '{\"nodeType\":\"document\",\"data\":[],\"content\":[{\"nodeType\":\"paragraph\",\"data\":[],\"content\":[{\"nodeType\":\"text\",\"value\":\"Five O\\u2019Level credits including Mathematics and English.\",\"marks\":[],\"data\":[]}]}]}', '{\"nodeType\":\"document\",\"data\":[],\"content\":[{\"nodeType\":\"paragraph\",\"data\":[],\"content\":[{\"nodeType\":\"text\",\"value\":\"Apply online via the university portal.\",\"marks\":[],\"data\":[]}]}]}', '{\"nodeType\":\"document\",\"data\":[],\"content\":[{\"nodeType\":\"paragraph\",\"data\":[],\"content\":[{\"nodeType\":\"text\",\"value\":\"Scholarships available for meritorious students.\",\"marks\":[],\"data\":[]}]}]}', NULL, '{\"nodeType\":\"document\",\"data\":[],\"content\":[{\"nodeType\":\"paragraph\",\"data\":[],\"content\":[{\"nodeType\":\"text\",\"value\":\"Transcripts required from previous institution.\",\"marks\":[],\"data\":[]}]}]}', '1', '2025-12-21 12:25:52', '2025-12-21 14:16:11', '1', NULL);
INSERT INTO `website_programs` (`id`, `slug`, `program_category`, `program_level`, `degree`, `faculty`, `duration`, `accredited_students`, `image_url`, `program_description`, `eligibility_criteria`, `how_to_apply`, `financial_aid`, `research_facilities`, `transfer_candidates`, `is_active`, `created_at`, `updated_at`, `course_id`, `completion_requirements`) VALUES ('2', 'mbbs-medicine-and-surgery', 'undergraduate', 'Bachelor', 'MBBS', 'College of Medicine', '6', NULL, NULL, '{\"nodeType\":\"document\",\"data\":[],\"content\":[{\"nodeType\":\"paragraph\",\"data\":[],\"content\":[{\"nodeType\":\"text\",\"value\":\"Our MBBS program trains future physicians with a comprehensive curriculum covering medical sciences and clinical practice.\",\"marks\":[],\"data\":[]}]}]}', '{\"nodeType\":\"document\",\"data\":[],\"content\":[{\"nodeType\":\"paragraph\",\"data\":[],\"content\":[{\"nodeType\":\"text\",\"value\":\"Five O\\u2019Level credits including Mathematics and English.\",\"marks\":[],\"data\":[]}]}]}', '{\"nodeType\":\"document\",\"data\":[],\"content\":[{\"nodeType\":\"paragraph\",\"data\":[],\"content\":[{\"nodeType\":\"text\",\"value\":\"Apply online via the university portal.\",\"marks\":[],\"data\":[]}]}]}', '{\"nodeType\":\"document\",\"data\":[],\"content\":[{\"nodeType\":\"paragraph\",\"data\":[],\"content\":[{\"nodeType\":\"text\",\"value\":\"Scholarships available for meritorious students.\",\"marks\":[],\"data\":[]}]}]}', NULL, '{\"nodeType\":\"document\",\"data\":[],\"content\":[{\"nodeType\":\"paragraph\",\"data\":[],\"content\":[{\"nodeType\":\"text\",\"value\":\"Transcripts required from previous institution.\",\"marks\":[],\"data\":[]}]}]}', '1', '2025-12-21 12:25:52', '2025-12-21 14:16:11', '2', NULL);
INSERT INTO `website_programs` (`id`, `slug`, `program_category`, `program_level`, `degree`, `faculty`, `duration`, `accredited_students`, `image_url`, `program_description`, `eligibility_criteria`, `how_to_apply`, `financial_aid`, `research_facilities`, `transfer_candidates`, `is_active`, `created_at`, `updated_at`, `course_id`, `completion_requirements`) VALUES ('3', 'bsc-nursing-science', 'undergraduate', 'Bachelor', 'B.Sc.', 'Faculty of Health Sciences', '5', NULL, NULL, '{\"nodeType\":\"document\",\"data\":[],\"content\":[{\"nodeType\":\"paragraph\",\"data\":[],\"content\":[{\"nodeType\":\"text\",\"value\":\"The Nursing Science program prepares students for professional nursing practice in various healthcare settings.\",\"marks\":[],\"data\":[]}]}]}', '{\"nodeType\":\"document\",\"data\":[],\"content\":[{\"nodeType\":\"paragraph\",\"data\":[],\"content\":[{\"nodeType\":\"text\",\"value\":\"Five O\\u2019Level credits including Mathematics and English.\",\"marks\":[],\"data\":[]}]}]}', '{\"nodeType\":\"document\",\"data\":[],\"content\":[{\"nodeType\":\"paragraph\",\"data\":[],\"content\":[{\"nodeType\":\"text\",\"value\":\"Apply online via the university portal.\",\"marks\":[],\"data\":[]}]}]}', '{\"nodeType\":\"document\",\"data\":[],\"content\":[{\"nodeType\":\"paragraph\",\"data\":[],\"content\":[{\"nodeType\":\"text\",\"value\":\"Scholarships available for meritorious students.\",\"marks\":[],\"data\":[]}]}]}', NULL, '{\"nodeType\":\"document\",\"data\":[],\"content\":[{\"nodeType\":\"paragraph\",\"data\":[],\"content\":[{\"nodeType\":\"text\",\"value\":\"Transcripts required from previous institution.\",\"marks\":[],\"data\":[]}]}]}', '1', '2025-12-21 12:25:52', '2025-12-21 14:16:11', '3', NULL);
INSERT INTO `website_programs` (`id`, `slug`, `program_category`, `program_level`, `degree`, `faculty`, `duration`, `accredited_students`, `image_url`, `program_description`, `eligibility_criteria`, `how_to_apply`, `financial_aid`, `research_facilities`, `transfer_candidates`, `is_active`, `created_at`, `updated_at`, `course_id`, `completion_requirements`) VALUES ('4', 'b-eng-computer-engineering', 'undergraduate', 'Bachelor', 'B.Eng.', 'Faculty of Engineering', '5', NULL, NULL, '{\"nodeType\":\"document\",\"data\":[],\"content\":[{\"nodeType\":\"paragraph\",\"data\":[],\"content\":[{\"nodeType\":\"text\",\"value\":\"Computer Engineering combines electrical engineering and computer science to design and build computer systems.\",\"marks\":[],\"data\":[]}]}]}', '{\"nodeType\":\"document\",\"data\":[],\"content\":[{\"nodeType\":\"paragraph\",\"data\":[],\"content\":[{\"nodeType\":\"text\",\"value\":\"Five O\\u2019Level credits including Mathematics and English.\",\"marks\":[],\"data\":[]}]}]}', '{\"nodeType\":\"document\",\"data\":[],\"content\":[{\"nodeType\":\"paragraph\",\"data\":[],\"content\":[{\"nodeType\":\"text\",\"value\":\"Apply online via the university portal.\",\"marks\":[],\"data\":[]}]}]}', '{\"nodeType\":\"document\",\"data\":[],\"content\":[{\"nodeType\":\"paragraph\",\"data\":[],\"content\":[{\"nodeType\":\"text\",\"value\":\"Scholarships available for meritorious students.\",\"marks\":[],\"data\":[]}]}]}', NULL, '{\"nodeType\":\"document\",\"data\":[],\"content\":[{\"nodeType\":\"paragraph\",\"data\":[],\"content\":[{\"nodeType\":\"text\",\"value\":\"Transcripts required from previous institution.\",\"marks\":[],\"data\":[]}]}]}', '1', '2025-12-21 12:25:52', '2025-12-21 14:16:11', '4', NULL);
INSERT INTO `website_programs` (`id`, `slug`, `program_category`, `program_level`, `degree`, `faculty`, `duration`, `accredited_students`, `image_url`, `program_description`, `eligibility_criteria`, `how_to_apply`, `financial_aid`, `research_facilities`, `transfer_candidates`, `is_active`, `created_at`, `updated_at`, `course_id`, `completion_requirements`) VALUES ('5', 'bsc-mass-communication', 'undergraduate', 'Bachelor', 'B.Sc.', 'Faculty of Social Sciences', '4', NULL, NULL, '{\"nodeType\":\"document\",\"data\":[],\"content\":[{\"nodeType\":\"paragraph\",\"data\":[],\"content\":[{\"nodeType\":\"text\",\"value\":\"Mass Communication covers journalism, broadcasting, public relations, and digital media.\",\"marks\":[],\"data\":[]}]}]}', '{\"nodeType\":\"document\",\"data\":[],\"content\":[{\"nodeType\":\"paragraph\",\"data\":[],\"content\":[{\"nodeType\":\"text\",\"value\":\"Five O\\u2019Level credits including Mathematics and English.\",\"marks\":[],\"data\":[]}]}]}', '{\"nodeType\":\"document\",\"data\":[],\"content\":[{\"nodeType\":\"paragraph\",\"data\":[],\"content\":[{\"nodeType\":\"text\",\"value\":\"Apply online via the university portal.\",\"marks\":[],\"data\":[]}]}]}', '{\"nodeType\":\"document\",\"data\":[],\"content\":[{\"nodeType\":\"paragraph\",\"data\":[],\"content\":[{\"nodeType\":\"text\",\"value\":\"Scholarships available for meritorious students.\",\"marks\":[],\"data\":[]}]}]}', NULL, '{\"nodeType\":\"document\",\"data\":[],\"content\":[{\"nodeType\":\"paragraph\",\"data\":[],\"content\":[{\"nodeType\":\"text\",\"value\":\"Transcripts required from previous institution.\",\"marks\":[],\"data\":[]}]}]}', '1', '2025-12-21 12:25:52', '2025-12-21 14:16:11', '5', NULL);
INSERT INTO `website_programs` (`id`, `slug`, `program_category`, `program_level`, `degree`, `faculty`, `duration`, `accredited_students`, `image_url`, `program_description`, `eligibility_criteria`, `how_to_apply`, `financial_aid`, `research_facilities`, `transfer_candidates`, `is_active`, `created_at`, `updated_at`, `course_id`, `completion_requirements`) VALUES ('6', 'msc-computer-science', 'postgraduate', 'Master', 'M.Sc.', 'Postgraduate School', '2', NULL, NULL, '{\"nodeType\":\"document\",\"data\":[],\"content\":[{\"nodeType\":\"paragraph\",\"data\":[],\"content\":[{\"nodeType\":\"text\",\"value\":\"Advanced study in computer science topics including AI, data science, and software engineering.\",\"marks\":[],\"data\":[]}]}]}', '{\"nodeType\":\"document\",\"data\":[],\"content\":[{\"nodeType\":\"paragraph\",\"data\":[],\"content\":[{\"nodeType\":\"text\",\"value\":\"Five O\\u2019Level credits including Mathematics and English.\",\"marks\":[],\"data\":[]}]}]}', '{\"nodeType\":\"document\",\"data\":[],\"content\":[{\"nodeType\":\"paragraph\",\"data\":[],\"content\":[{\"nodeType\":\"text\",\"value\":\"Apply online via the university portal.\",\"marks\":[],\"data\":[]}]}]}', '{\"nodeType\":\"document\",\"data\":[],\"content\":[{\"nodeType\":\"paragraph\",\"data\":[],\"content\":[{\"nodeType\":\"text\",\"value\":\"Scholarships available for meritorious students.\",\"marks\":[],\"data\":[]}]}]}', NULL, '{\"nodeType\":\"document\",\"data\":[],\"content\":[{\"nodeType\":\"paragraph\",\"data\":[],\"content\":[{\"nodeType\":\"text\",\"value\":\"Transcripts required from previous institution.\",\"marks\":[],\"data\":[]}]}]}', '1', '2025-12-21 12:25:52', '2025-12-21 14:16:11', '6', NULL);

DROP TABLE IF EXISTS `website_courses`;
CREATE TABLE `website_courses` (
  `id` bigint(20) unsigned NOT NULL AUTO_INCREMENT,
  `course_name` varchar(255) NOT NULL,
  `slug` varchar(255) NOT NULL,
  `faculty` varchar(255) DEFAULT NULL,
  `is_active` tinyint(1) NOT NULL DEFAULT 1,
  `created_at` timestamp NULL DEFAULT NULL,
  `updated_at` timestamp NULL DEFAULT NULL,
  PRIMARY KEY (`id`),
  UNIQUE KEY `website_courses_slug_unique` (`slug`)
) ENGINE=InnoDB AUTO_INCREMENT=7 DEFAULT CHARSET=utf8mb4 COLLATE=utf8mb4_unicode_ci;

INSERT INTO `website_courses` (`id`, `course_name`, `slug`, `faculty`, `is_active`, `created_at`, `updated_at`) VALUES ('1', 'Computer Science', 'computer-science', 'Faculty of Natural and Applied Sciences', '1', '2025-12-21 12:25:52', '2025-12-21 12:25:52');
INSERT INTO `website_courses` (`id`, `course_name`, `slug`, `faculty`, `is_active`, `created_at`, `updated_at`) VALUES ('2', 'Medicine and Surgery', 'medicine-and-surgery', 'College of Medicine', '1', '2025-12-21 12:25:52', '2025-12-21 12:25:52');
INSERT INTO `website_courses` (`id`, `course_name`, `slug`, `faculty`, `is_active`, `created_at`, `updated_at`) VALUES ('3', 'Nursing Science', 'nursing-science', 'Faculty of Health Sciences', '1', '2025-12-21 12:25:52', '2025-12-21 12:25:52');
INSERT INTO `website_courses` (`id`, `course_name`, `slug`, `faculty`, `is_active`, `created_at`, `updated_at`) VALUES ('4', 'Computer Engineering', 'computer-engineering', 'Faculty of Engineering', '1', '2025-12-21 12:25:52', '2025-12-21 12:25:52');
INSERT INTO `website_courses` (`id`, `course_name`, `slug`, `faculty`, `is_active`, `created_at`, `updated_at`) VALUES ('5', 'Mass Communication', 'mass-communication', 'Faculty of Social Sciences', '1', '2025-12-21 12:25:52', '2025-12-21 12:25:52');
INSERT INTO `website_courses` (`id`, `course_name`, `slug`, `faculty`, `is_active`, `created_at`, `updated_at`) VALUES ('6', 'Computer Science (PG)', 'computer-science-pg', 'Postgraduate School', '1', '2025-12-21 12:25:52', '2025-12-21 12:25:52');

DROP TABLE IF EXISTS `website_personnel`;
CREATE TABLE `website_personnel` (
  `id` bigint(20) unsigned NOT NULL AUTO_INCREMENT,
  `name` varchar(255) NOT NULL,
  `title` varchar(255) DEFAULT NULL,
  `slug` varchar(255) NOT NULL,
  `image_url` varchar(255) DEFAULT NULL,
  `position` varchar(255) DEFAULT NULL,
  `email` varchar(255) DEFAULT NULL,
  `phone` varchar(255) DEFAULT NULL,
  `biography` longtext DEFAULT NULL,
  `role` varchar(255) DEFAULT NULL,
  `facebook_url` varchar(255) DEFAULT NULL,
  `instagram_url` varchar(255) DEFAULT NULL,
  `twitter_url` varchar(255) DEFAULT NULL,
  `youtube_url` varchar(255) DEFAULT NULL,
  `linkedin_url` varchar(255) DEFAULT NULL,
  `whatsapp_number` varchar(255) DEFAULT NULL,
  `address` varchar(255) DEFAULT NULL,
  `is_active` tinyint(1) NOT NULL DEFAULT 1,
  `created_at` timestamp NULL DEFAULT NULL,
  `updated_at` timestamp NULL DEFAULT NULL,
  PRIMARY KEY (`id`),
  UNIQUE KEY `website_personnel_slug_unique` (`slug`)
) ENGINE=InnoDB AUTO_INCREMENT=6 DEFAULT CHARSET=utf8mb4 COLLATE=utf8mb4_unicode_ci;

INSERT INTO `website_personnel` (`id`, `name`, `title`, `slug`, `image_url`, `position`, `email`, `phone`, `biography`, `role`, `facebook_url`, `instagram_url`, `twitter_url`, `youtube_url`, `linkedin_url`, `whatsapp_number`, `address`, `is_active`, `created_at`, `updated_at`) VALUES ('1', 'Prof. Hyacinth E. Ichoku', 'Prof.', 'vice-chancellor', 'https://res.cloudinary.com/dbhjueg2l/image/upload/v1745491782/sisi-2689_xk5trj.jpg', 'Vice Chancellor', 'vc@veritas.edu.ng', NULL, '{\"nodeType\":\"document\",\"data\":[],\"content\":[{\"nodeType\":\"paragraph\",\"data\":[],\"content\":[{\"nodeType\":\"text\",\"value\":\"Professor Hyacinth E. Ichoku is the Vice Chancellor of Veritas University, Abuja. He is a Professor of Development Economics with over 25 years of experience in teaching, research, and university administration.\",\"marks\":[],\"data\":[]}]}]}', NULL, NULL, NULL, NULL, NULL, NULL, NULL, NULL, '1', '2025-12-21 15:59:35', '2025-12-21 15:59:35');
INSERT INTO `website_personnel` (`id`, `name`, `title`, `slug`, `image_url`, `position`, `email`, `phone`, `biography`, `role`, `facebook_url`, `instagram_url`, `twitter_url`, `youtube_url`, `linkedin_url`, `whatsapp_number`, `address`, `is_active`, `created_at`, `updated_at`) VALUES ('2', 'Dr. Mrs. Stella C. Okonkwo', 'Dr.', 'registrar', 'https://res.cloudinary.com/dbhjueg2l/image/upload/v1745491844/Vuna-2570_aewufs.jpg', 'Registrar', 'registrar@veritas.edu.ng', NULL, '{\"nodeType\":\"document\",\"data\":[],\"content\":[{\"nodeType\":\"paragraph\",\"data\":[],\"content\":[{\"nodeType\":\"text\",\"value\":\"Dr. Mrs. Stella C. Okonkwo is the Registrar of Veritas University. She is responsible for the administrative machinery of the University.\",\"marks\":[],\"data\":[]}]}]}', NULL, NULL, NULL, NULL, NULL, NULL, NULL, NULL, '1', '2025-12-21 15:59:35', '2025-12-21 15:59:35');
INSERT INTO `website_personnel` (`id`, `name`, `title`, `slug`, `image_url`, `position`, `email`, `phone`, `biography`, `role`, `facebook_url`, `instagram_url`, `twitter_url`, `youtube_url`, `linkedin_url`, `whatsapp_number`, `address`, `is_active`, `created_at`, `updated_at`) VALUES ('3', 'Rev. Fr. Dr. Peter Bakwaph', 'Rev. Fr. Dr.', 'deputy-vice-chancellor', 'https://res.cloudinary.com/dbhjueg2l/image/upload/v1745491760/sisi-2675_f85nfl.jpg', 'Deputy Vice Chancellor', 'dvc@veritas.edu.ng', NULL, '{\"nodeType\":\"document\",\"data\":[],\"content\":[{\"nodeType\":\"paragraph\",\"data\":[],\"content\":[{\"nodeType\":\"text\",\"value\":\"Rev. Fr. Dr. Peter Bakwaph is the Deputy Vice Chancellor. He assists the Vice Chancellor in the academic and administrative leadership of the University.\",\"marks\":[],\"data\":[]}]}]}', NULL, NULL, NULL, NULL, NULL, NULL, NULL, NULL, '1', '2025-12-21 15:59:35', '2025-12-21 15:59:35');
INSERT INTO `website_personnel` (`id`, `name`, `title`, `slug`, `image_url`, `position`, `email`, `phone`, `biography`, `role`, `facebook_url`, `instagram_url`, `twitter_url`, `youtube_url`, `linkedin_url`, `whatsapp_number`, `address`, `is_active`, `created_at`, `updated_at`) VALUES ('4', 'Most Rev. Dr. Matthew Hassan Kukah', 'Most Rev. Dr.', 'chancellor', 'https://res.cloudinary.com/dbhjueg2l/image/upload/v1745491845/Vuna-2495_anpcht.jpg', 'Chancellor', 'chancellor@veritas.edu.ng', NULL, '{\"nodeType\":\"document\",\"data\":[],\"content\":[{\"nodeType\":\"paragraph\",\"data\":[],\"content\":[{\"nodeType\":\"text\",\"value\":\"Most Rev. Dr. Matthew Hassan Kukah is the Chancellor of Veritas University and the Catholic Bishop of Sokoto Diocese.\",\"marks\":[],\"data\":[]}]}]}', NULL, NULL, NULL, NULL, NULL, NULL, NULL, NULL, '1', '2025-12-21 15:59:35', '2025-12-21 15:59:35');
INSERT INTO `website_personnel` (`id`, `name`, `title`, `slug`, `image_url`, `position`, `email`, `phone`, `biography`, `role`, `facebook_url`, `instagram_url`, `twitter_url`, `youtube_url`, `linkedin_url`, `whatsapp_number`, `address`, `is_active`, `created_at`, `updated_at`) VALUES ('5', 'Rev. Fr. Martin Onukwuba', 'Rev. Fr.', 'chaplain', 'https://res.cloudinary.com/dbhjueg2l/image/upload/v1745491765/sisi-2691_xxya1f.jpg', 'University Chaplain', 'chaplain@veritas.edu.ng', NULL, '{\"nodeType\":\"document\",\"data\":[],\"content\":[{\"nodeType\":\"paragraph\",\"data\":[],\"content\":[{\"nodeType\":\"text\",\"value\":\"Rev. Fr. Martin Onukwuba is the University Chaplain, responsible for the spiritual welfare of the University community.\",\"marks\":[],\"data\":[]}]}]}', NULL, NULL, NULL, NULL, NULL, NULL, NULL, NULL, '1', '2025-12-21 15:59:35', '2025-12-21 15:59:35');

DROP TABLE IF EXISTS `website_publications`;
CREATE TABLE `website_publications` (
  `id` bigint(20) unsigned NOT NULL AUTO_INCREMENT,
  `title1` varchar(255) DEFAULT NULL,
  `title2` varchar(255) DEFAULT NULL,
  `image_url` varchar(255) DEFAULT NULL,
  `additional_info` varchar(255) DEFAULT NULL,
  `category` varchar(255) DEFAULT NULL,
  `publication_url` varchar(255) DEFAULT NULL,
  `is_active` tinyint(1) NOT NULL DEFAULT 1,
  `created_at` timestamp NULL DEFAULT NULL,
  `updated_at` timestamp NULL DEFAULT NULL,
  PRIMARY KEY (`id`)
) ENGINE=InnoDB DEFAULT CHARSET=utf8mb4 COLLATE=utf8mb4_unicode_ci;

DROP TABLE IF EXISTS `website_student_groups`;
CREATE TABLE `website_student_groups` (
  `id` bigint(20) unsigned NOT NULL AUTO_INCREMENT,
  `title` varchar(255) NOT NULL,
  `slug` varchar(255) NOT NULL,
  `description` varchar(255) DEFAULT NULL,
  `image_url` varchar(255) DEFAULT NULL,
  `member_count` varchar(255) DEFAULT NULL,
  `is_active` tinyint(1) NOT NULL DEFAULT 1,
  `created_at` timestamp NULL DEFAULT NULL,
  `updated_at` timestamp NULL DEFAULT NULL,
  PRIMARY KEY (`id`),
  UNIQUE KEY `website_student_groups_slug_unique` (`slug`)
) ENGINE=InnoDB AUTO_INCREMENT=5 DEFAULT CHARSET=utf8mb4 COLLATE=utf8mb4_unicode_ci;

INSERT INTO `website_student_groups` (`id`, `title`, `slug`, `description`, `image_url`, `member_count`, `is_active`, `created_at`, `updated_at`) VALUES ('1', 'Debate Club', 'debate-club', 'The Veritas Debate Club fosters critical thinking, public speaking, and argumentation skills. Members participate in inter-university competitions and host local debates on current affairs.', 'https://res.cloudinary.com/dbhjueg2l/image/upload/v1745703532/debate-club_shkywb.png', '50+', '1', '2025-12-21 11:24:46', '2025-12-21 14:50:36');
INSERT INTO `website_student_groups` (`id`, `title`, `slug`, `description`, `image_url`, `member_count`, `is_active`, `created_at`, `updated_at`) VALUES ('2', 'Dance Group', 'dance-group', 'Our Dance Group explores various dance styles from traditional African dances to contemporary and hip-hop. We perform at university events and cultural festivals.', 'https://res.cloudinary.com/dbhjueg2l/image/upload/v1745703528/dance-club_vycyzd.png', '30+', '1', '2025-12-21 11:24:46', '2025-12-21 14:50:36');
INSERT INTO `website_student_groups` (`id`, `title`, `slug`, `description`, `image_url`, `member_count`, `is_active`, `created_at`, `updated_at`) VALUES ('3', 'Drama Group', 'drama-group', 'The Drama Group brings stories to life on stage. From Shakespearean classics to modern plays, we provide opportunities for acting, directing, and stage management.', 'https://res.cloudinary.com/dbhjueg2l/image/upload/v1745703530/drama-club_hjtxgq.png', '40+', '1', '2025-12-21 11:24:46', '2025-12-21 14:50:36');
INSERT INTO `website_student_groups` (`id`, `title`, `slug`, `description`, `image_url`, `member_count`, `is_active`, `created_at`, `updated_at`) VALUES ('4', 'Musical Group', 'musical-group', 'The Musical Group comprises the university choir and instrumentalists. We lead music at liturgical celebrations and perform at concerts and social events.', 'https://res.cloudinary.com/dbhjueg2l/image/upload/v1745703534/music-club_poxetf.png', '60+', '1', '2025-12-21 11:24:46', '2025-12-21 14:50:36');

DROP TABLE IF EXISTS `website_research_groups`;
CREATE TABLE `website_research_groups` (
  `id` bigint(20) unsigned NOT NULL AUTO_INCREMENT,
  `title` varchar(255) NOT NULL,
  `slug` varchar(255) NOT NULL,
  `description` text DEFAULT NULL,
  `image_url` varchar(255) DEFAULT NULL,
  `spotlight` longtext DEFAULT NULL,
  `spotlight_url` varchar(255) DEFAULT NULL,
  `spotlight_image` varchar(255) DEFAULT NULL,
  `research_focus_title1` varchar(255) DEFAULT NULL,
  `research_focus_content1` varchar(255) DEFAULT NULL,
  `research_focus_image_url1` varchar(255) DEFAULT NULL,
  `research_focus_title2` varchar(255) DEFAULT NULL,
  `research_focus_content2` varchar(255) DEFAULT NULL,
  `research_focus_image_url2` varchar(255) DEFAULT NULL,
  `is_active` tinyint(1) NOT NULL DEFAULT 1,
  `created_at` timestamp NULL DEFAULT NULL,
  `updated_at` timestamp NULL DEFAULT NULL,
  PRIMARY KEY (`id`),
  UNIQUE KEY `website_research_groups_slug_unique` (`slug`)
) ENGINE=InnoDB AUTO_INCREMENT=9 DEFAULT CHARSET=utf8mb4 COLLATE=utf8mb4_unicode_ci;

INSERT INTO `website_research_groups` (`id`, `title`, `slug`, `description`, `image_url`, `spotlight`, `spotlight_url`, `spotlight_image`, `research_focus_title1`, `research_focus_content1`, `research_focus_image_url1`, `research_focus_title2`, `research_focus_content2`, `research_focus_image_url2`, `is_active`, `created_at`, `updated_at`) VALUES ('1', 'Software Engineering Research Group', 'software-engineering-research-group', 'Focusing on AI, Machine Learning, and Software Development methodologies.', '/assets/images/research/software.jpg', '{\"featured\":true}', NULL, NULL, NULL, NULL, NULL, NULL, NULL, NULL, '1', '2025-12-21 11:55:38', '2025-12-21 11:55:38');
INSERT INTO `website_research_groups` (`id`, `title`, `slug`, `description`, `image_url`, `spotlight`, `spotlight_url`, `spotlight_image`, `research_focus_title1`, `research_focus_content1`, `research_focus_image_url1`, `research_focus_title2`, `research_focus_content2`, `research_focus_image_url2`, `is_active`, `created_at`, `updated_at`) VALUES ('2', 'Biotechnology Research Cluster', 'biotechnology-research-cluster', 'Advancing health and agriculture through biotechnology innovations.', '/assets/images/research/biotech.jpg', '{\"featured\":true}', NULL, NULL, NULL, NULL, NULL, NULL, NULL, NULL, '1', '2025-12-21 11:55:38', '2025-12-21 11:55:38');
INSERT INTO `website_research_groups` (`id`, `title`, `slug`, `description`, `image_url`, `spotlight`, `spotlight_url`, `spotlight_image`, `research_focus_title1`, `research_focus_content1`, `research_focus_image_url1`, `research_focus_title2`, `research_focus_content2`, `research_focus_image_url2`, `is_active`, `created_at`, `updated_at`) VALUES ('3', 'Social Sciences & Development', 'social-sciences-development', 'Researching societal issues, policy, and sustainable development.', '/assets/images/research/social-science.jpg', '{\"featured\":true}', NULL, NULL, NULL, NULL, NULL, NULL, NULL, NULL, '1', '2025-12-21 11:55:38', '2025-12-21 11:55:38');
INSERT INTO `website_research_groups` (`id`, `title`, `slug`, `description`, `image_url`, `spotlight`, `spotlight_url`, `spotlight_image`, `research_focus_title1`, `research_focus_content1`, `research_focus_image_url1`, `research_focus_title2`, `research_focus_content2`, `research_focus_image_url2`, `is_active`, `created_at`, `updated_at`) VALUES ('4', 'SLAC National Accelerator Laboratory', 'slac', NULL, 'https://res.cloudinary.com/dbhjueg2l/image/upload/v1745703411/cpu_dggfra.png', '{\"content\":[{\"nodeType\":\"paragraph\",\"data\":[],\"content\":[{\"nodeType\":\"text\",\"value\":\"SLAC is a U.S. Department of Energy national laboratory operated by Stanford, conducting research in chemistry, materials and energy sciences, bioscience, fusion energy science, high-energy physics, cosmology and other fields.\",\"marks\":[],\"data\":[]}]}]}', NULL, NULL, NULL, NULL, NULL, NULL, NULL, NULL, '1', '2025-12-21 14:12:09', '2025-12-21 14:12:09');
INSERT INTO `website_research_groups` (`id`, `title`, `slug`, `description`, `image_url`, `spotlight`, `spotlight_url`, `spotlight_image`, `research_focus_title1`, `research_focus_content1`, `research_focus_image_url1`, `research_focus_title2`, `research_focus_content2`, `research_focus_image_url2`, `is_active`, `created_at`, `updated_at`) VALUES ('5', 'Neuroscience', 'neuroscience', NULL, 'https://res.cloudinary.com/dbhjueg2l/image/upload/v1745703416/jellyfish_kfpoww.png', '{\"content\":[{\"nodeType\":\"paragraph\",\"data\":[],\"content\":[{\"nodeType\":\"text\",\"value\":\"Neuroscience research at Veritas explores the complexities of the brain and nervous system, advancing understanding of cognitive processes and neurological disorders.\",\"marks\":[],\"data\":[]}]}]}', NULL, NULL, NULL, NULL, NULL, NULL, NULL, NULL, '1', '2025-12-21 14:12:10', '2025-12-21 14:12:10');
INSERT INTO `website_research_groups` (`id`, `title`, `slug`, `description`, `image_url`, `spotlight`, `spotlight_url`, `spotlight_image`, `research_focus_title1`, `research_focus_content1`, `research_focus_image_url1`, `research_focus_title2`, `research_focus_content2`, `research_focus_image_url2`, `is_active`, `created_at`, `updated_at`) VALUES ('6', 'Mechanical labs and research', 'mechanical-labs', NULL, 'https://res.cloudinary.com/dbhjueg2l/image/upload/v1745703410/engine_j8lojv.png', '{\"content\":[{\"nodeType\":\"paragraph\",\"data\":[],\"content\":[{\"nodeType\":\"text\",\"value\":\"Our mechanical labs are equipped with state-of-the-art technology to support research in robotics, thermodynamics, and materials engineering.\",\"marks\":[],\"data\":[]}]}]}', NULL, NULL, NULL, NULL, NULL, NULL, NULL, NULL, '1', '2025-12-21 14:12:10', '2025-12-21 14:12:10');
INSERT INTO `website_research_groups` (`id`, `title`, `slug`, `description`, `image_url`, `spotlight`, `spotlight_url`, `spotlight_image`, `research_focus_title1`, `research_focus_content1`, `research_focus_image_url1`, `research_focus_title2`, `research_focus_content2`, `research_focus_image_url2`, `is_active`, `created_at`, `updated_at`) VALUES ('7', 'Biomedical Sciences', 'biomedical-sciences', NULL, 'https://res.cloudinary.com/dbhjueg2l/image/upload/v1745703409/mouse_s4txno.png', '{\"content\":[{\"nodeType\":\"paragraph\",\"data\":[],\"content\":[{\"nodeType\":\"text\",\"value\":\"Biomedical research focuses on developing new treatments and diagnostic tools to improve human health and combat diseases.\",\"marks\":[],\"data\":[]}]}]}', NULL, NULL, NULL, NULL, NULL, NULL, NULL, NULL, '1', '2025-12-21 14:12:10', '2025-12-21 14:12:10');
INSERT INTO `website_research_groups` (`id`, `title`, `slug`, `description`, `image_url`, `spotlight`, `spotlight_url`, `spotlight_image`, `research_focus_title1`, `research_focus_content1`, `research_focus_image_url1`, `research_focus_title2`, `research_focus_content2`, `research_focus_image_url2`, `is_active`, `created_at`, `updated_at`) VALUES ('8', 'Psychology', 'psychology', NULL, 'https://res.cloudinary.com/dbhjueg2l/image/upload/v1745602146/painted-face_gz9egr.png', '{\"content\":[{\"nodeType\":\"paragraph\",\"data\":[],\"content\":[{\"nodeType\":\"text\",\"value\":\"Our Psychology department conducts cutting-edge research in behavioral science, mental health, and social psychology.\",\"marks\":[],\"data\":[]}]}]}', NULL, NULL, NULL, NULL, NULL, NULL, NULL, NULL, '1', '2025-12-21 14:12:10', '2025-12-21 14:12:10');

DROP TABLE IF EXISTS `website_mass_schedules`;
CREATE TABLE `website_mass_schedules` (
  `id` bigint(20) unsigned NOT NULL AUTO_INCREMENT,
  `day` varchar(255) NOT NULL,
  `start_time` time NOT NULL,
  `end_time` time NOT NULL,
  `invitees` longtext CHARACTER SET utf8mb4 COLLATE utf8mb4_bin NOT NULL CHECK (json_valid(`invitees`)),
  `is_active` varchar(255) NOT NULL DEFAULT 'active',
  `created_at` timestamp NULL DEFAULT NULL,
  `updated_at` timestamp NULL DEFAULT NULL,
  PRIMARY KEY (`id`)
) ENGINE=InnoDB AUTO_INCREMENT=8 DEFAULT CHARSET=utf8mb4 COLLATE=utf8mb4_unicode_ci;

INSERT INTO `website_mass_schedules` (`id`, `day`, `start_time`, `end_time`, `invitees`, `is_active`, `created_at`, `updated_at`) VALUES ('1', 'Sunday', '07:00:00', '09:00:00', '[\"Students\",\"Staff\",\"Public\"]', '1', '2025-12-21 12:09:21', '2025-12-21 12:09:21');
INSERT INTO `website_mass_schedules` (`id`, `day`, `start_time`, `end_time`, `invitees`, `is_active`, `created_at`, `updated_at`) VALUES ('2', 'Monday', '06:30:00', '07:30:00', '[\"Students\",\"Staff\"]', '1', '2025-12-21 12:09:21', '2025-12-21 12:09:21');
INSERT INTO `website_mass_schedules` (`id`, `day`, `start_time`, `end_time`, `invitees`, `is_active`, `created_at`, `updated_at`) VALUES ('3', 'Tuesday', '06:30:00', '07:30:00', '[\"Students\",\"Staff\"]', '1', '2025-12-21 12:09:21', '2025-12-21 12:09:21');
INSERT INTO `website_mass_schedules` (`id`, `day`, `start_time`, `end_time`, `invitees`, `is_active`, `created_at`, `updated_at`) VALUES ('4', 'Wednesday', '18:00:00', '19:00:00', '[\"Students\",\"Staff\"]', '1', '2025-12-21 12:09:21', '2025-12-21 12:09:21');
INSERT INTO `website_mass_schedules` (`id`, `day`, `start_time`, `end_time`, `invitees`, `is_active`, `created_at`, `updated_at`) VALUES ('5', 'Thursday', '06:30:00', '07:30:00', '[\"Students\",\"Staff\"]', '1', '2025-12-21 12:09:21', '2025-12-21 12:09:21');
INSERT INTO `website_mass_schedules` (`id`, `day`, `start_time`, `end_time`, `invitees`, `is_active`, `created_at`, `updated_at`) VALUES ('6', 'Friday', '06:30:00', '07:30:00', '[\"Students\",\"Staff\"]', '1', '2025-12-21 12:09:21', '2025-12-21 12:09:21');
INSERT INTO `website_mass_schedules` (`id`, `day`, `start_time`, `end_time`, `invitees`, `is_active`, `created_at`, `updated_at`) VALUES ('7', 'Saturday', '07:00:00', '08:00:00', '[\"Students\",\"Staff\"]', '1', '2025-12-21 12:09:21', '2025-12-21 12:09:21');

DROP TABLE IF EXISTS `website_faqs`;
CREATE TABLE `website_faqs` (
  `id` bigint(20) unsigned NOT NULL AUTO_INCREMENT,
  `question` varchar(255) NOT NULL,
  `answer` longtext NOT NULL,
  `category` varchar(255) DEFAULT NULL,
  `order` int(11) NOT NULL DEFAULT 0,
  `is_active` tinyint(1) NOT NULL DEFAULT 1,
  `created_at` timestamp NULL DEFAULT NULL,
  `updated_at` timestamp NULL DEFAULT NULL,
  PRIMARY KEY (`id`)
) ENGINE=InnoDB AUTO_INCREMENT=6 DEFAULT CHARSET=utf8mb4 COLLATE=utf8mb4_unicode_ci;

INSERT INTO `website_faqs` (`id`, `question`, `answer`, `category`, `order`, `is_active`, `created_at`, `updated_at`) VALUES ('1', 'How do I apply for admission?', 'You can apply for admission by visiting our Admissions page and filling out the online application form.', 'Admissions', '1', '1', '2025-12-21 12:38:23', '2025-12-21 12:38:23');
INSERT INTO `website_faqs` (`id`, `question`, `answer`, `category`, `order`, `is_active`, `created_at`, `updated_at`) VALUES ('2', 'What are the tuition fees?', 'Tuition fees vary by program. Please visit the Fees page for a detailed breakdown of costs.', 'Finance', '2', '1', '2025-12-21 12:38:24', '2025-12-21 12:38:24');
INSERT INTO `website_faqs` (`id`, `question`, `answer`, `category`, `order`, `is_active`, `created_at`, `updated_at`) VALUES ('3', 'Is there accommodation on campus?', 'Yes, Veritas University provides comfortable and secure hostel accommodation for students.', 'Campus Life', '3', '1', '2025-12-21 12:38:24', '2025-12-21 12:38:24');
INSERT INTO `website_faqs` (`id`, `question`, `answer`, `category`, `order`, `is_active`, `created_at`, `updated_at`) VALUES ('4', 'Do you offer scholarships?', 'Yes, we offer various scholarships based on academic merit and financial need.', 'General', '4', '1', '2025-12-21 12:38:24', '2025-12-21 12:38:24');
INSERT INTO `website_faqs` (`id`, `question`, `answer`, `category`, `order`, `is_active`, `created_at`, `updated_at`) VALUES ('5', 'How can I contact the university?', 'You can contact us via email at info@veritas.edu.ng or call our helpline numbers listed on the Contact page.', 'General', '5', '1', '2025-12-21 12:38:24', '2025-12-21 12:38:24');

DROP TABLE IF EXISTS `website_a_z_entries`;
CREATE TABLE `website_a_z_entries` (
  `id` bigint(20) unsigned NOT NULL AUTO_INCREMENT,
  `alphabet` char(1) NOT NULL,
  `topic` varchar(255) NOT NULL,
  `slug` varchar(255) DEFAULT NULL,
  `link` varchar(255) DEFAULT NULL,
  `description` text DEFAULT NULL,
  `is_active` tinyint(1) NOT NULL DEFAULT 1,
  `created_at` timestamp NULL DEFAULT NULL,
  `updated_at` timestamp NULL DEFAULT NULL,
  PRIMARY KEY (`id`),
  KEY `website_a_z_entries_alphabet_index` (`alphabet`)
) ENGINE=InnoDB AUTO_INCREMENT=11 DEFAULT CHARSET=utf8mb4 COLLATE=utf8mb4_unicode_ci;

INSERT INTO `website_a_z_entries` (`id`, `alphabet`, `topic`, `slug`, `link`, `description`, `is_active`, `created_at`, `updated_at`) VALUES ('1', 'A', 'About Us', 'about-us', '/about', 'Get to know Veritas University, its mission, and history.', '1', '2025-12-21 12:44:48', '2025-12-21 12:44:48');
INSERT INTO `website_a_z_entries` (`id`, `alphabet`, `topic`, `slug`, `link`, `description`, `is_active`, `created_at`, `updated_at`) VALUES ('2', 'A', 'Admissions', 'admissions', '/admissions', 'Start your journeyreview admission requirements and how to apply.', '1', '2025-12-21 12:44:48', '2025-12-21 12:44:48');
INSERT INTO `website_a_z_entries` (`id`, `alphabet`, `topic`, `slug`, `link`, `description`, `is_active`, `created_at`, `updated_at`) VALUES ('3', 'C', 'Chaplaincy at Veritas', 'chaplaincy-at-veritas', '/chaplaincy', 'Learn about our spiritual support and chaplaincy services.', '1', '2025-12-21 12:44:48', '2025-12-21 12:44:48');
INSERT INTO `website_a_z_entries` (`id`, `alphabet`, `topic`, `slug`, `link`, `description`, `is_active`, `created_at`, `updated_at`) VALUES ('4', 'C', 'Campus Life', 'campus-life', '/campus-life', 'Experience student life, clubs, facilities, and more at Veritas.', '1', '2025-12-21 12:44:48', '2025-12-21 12:44:48');
INSERT INTO `website_a_z_entries` (`id`, `alphabet`, `topic`, `slug`, `link`, `description`, `is_active`, `created_at`, `updated_at`) VALUES ('5', 'F', 'FAQ', 'faq', '/faq', 'Find answers to commonly asked questions about Veritas University.', '1', '2025-12-21 12:44:48', '2025-12-21 12:44:48');
INSERT INTO `website_a_z_entries` (`id`, `alphabet`, `topic`, `slug`, `link`, `description`, `is_active`, `created_at`, `updated_at`) VALUES ('6', 'H', 'Home', 'home', '/', 'Welcome to Veritas University  your gateway to academic excellence.', '1', '2025-12-21 12:44:48', '2025-12-21 12:44:48');
INSERT INTO `website_a_z_entries` (`id`, `alphabet`, `topic`, `slug`, `link`, `description`, `is_active`, `created_at`, `updated_at`) VALUES ('7', 'N', 'News and Events', 'news-and-events', '/news-and-events', 'Stay updated with the latest happenings at Veritas.', '1', '2025-12-21 12:44:48', '2025-12-21 12:44:48');
INSERT INTO `website_a_z_entries` (`id`, `alphabet`, `topic`, `slug`, `link`, `description`, `is_active`, `created_at`, `updated_at`) VALUES ('8', 'R', 'Research', 'research', '/research', 'Explore our commitment to advancing knowledge through impactful research.', '1', '2025-12-21 12:44:48', '2025-12-21 12:44:48');
INSERT INTO `website_a_z_entries` (`id`, `alphabet`, `topic`, `slug`, `link`, `description`, `is_active`, `created_at`, `updated_at`) VALUES ('9', 'U', 'Undergraduate', 'undergraduate', '/undergraduate', 'Discover our undergraduate programs.', '1', '2025-12-21 12:44:48', '2025-12-21 12:44:48');
INSERT INTO `website_a_z_entries` (`id`, `alphabet`, `topic`, `slug`, `link`, `description`, `is_active`, `created_at`, `updated_at`) VALUES ('10', 'U', 'University Management', 'university-management', '/university-management', 'Meet the leadership team.', '1', '2025-12-21 12:44:48', '2025-12-21 12:44:48');

DROP TABLE IF EXISTS `website_roles`;
CREATE TABLE `website_roles` (
  `id` bigint(20) unsigned NOT NULL AUTO_INCREMENT,
  `name` varchar(255) NOT NULL,
  `slug` varchar(255) NOT NULL,
  `created_at` timestamp NULL DEFAULT NULL,
  `updated_at` timestamp NULL DEFAULT NULL,
  PRIMARY KEY (`id`),
  UNIQUE KEY `website_roles_slug_unique` (`slug`)
) ENGINE=InnoDB AUTO_INCREMENT=7 DEFAULT CHARSET=utf8mb4 COLLATE=utf8mb4_unicode_ci;

INSERT INTO `website_roles` (`id`, `name`, `slug`, `created_at`, `updated_at`) VALUES ('4', 'Super Admin', 'super-admin', '2025-12-21 07:41:49', '2025-12-21 07:41:49');
INSERT INTO `website_roles` (`id`, `name`, `slug`, `created_at`, `updated_at`) VALUES ('5', 'Faculty Admin', 'faculty-admin', '2025-12-21 07:41:49', '2025-12-21 07:41:49');
INSERT INTO `website_roles` (`id`, `name`, `slug`, `created_at`, `updated_at`) VALUES ('6', 'Editor', 'editor', '2025-12-21 07:41:49', '2025-12-21 07:41:49');

DROP TABLE IF EXISTS `website_permissions`;
CREATE TABLE `website_permissions` (
  `id` bigint(20) unsigned NOT NULL AUTO_INCREMENT,
  `name` varchar(255) NOT NULL,
  `slug` varchar(255) NOT NULL,
  `created_at` timestamp NULL DEFAULT NULL,
  `updated_at` timestamp NULL DEFAULT NULL,
  PRIMARY KEY (`id`),
  UNIQUE KEY `website_permissions_slug_unique` (`slug`)
) ENGINE=InnoDB AUTO_INCREMENT=11 DEFAULT CHARSET=utf8mb4 COLLATE=utf8mb4_unicode_ci;

INSERT INTO `website_permissions` (`id`, `name`, `slug`, `created_at`, `updated_at`) VALUES ('6', 'Access CMS Dashboard', 'access-cms', '2025-12-21 07:41:49', '2025-12-21 07:41:49');
INSERT INTO `website_permissions` (`id`, `name`, `slug`, `created_at`, `updated_at`) VALUES ('7', 'Create, Edit, Delete Pages', 'manage-pages', '2025-12-21 07:41:50', '2025-12-21 07:41:50');
INSERT INTO `website_permissions` (`id`, `name`, `slug`, `created_at`, `updated_at`) VALUES ('8', 'Manage Content Blocks', 'manage-blocks', '2025-12-21 07:41:50', '2025-12-21 07:41:50');
INSERT INTO `website_permissions` (`id`, `name`, `slug`, `created_at`, `updated_at`) VALUES ('9', 'Publish Content', 'publish-content', '2025-12-21 07:41:50', '2025-12-21 07:41:50');
INSERT INTO `website_permissions` (`id`, `name`, `slug`, `created_at`, `updated_at`) VALUES ('10', 'Manage CMS Users & Roles', 'manage-users', '2025-12-21 07:41:50', '2025-12-21 07:41:50');

DROP TABLE IF EXISTS `website_role_permissions`;
CREATE TABLE `website_role_permissions` (
  `id` bigint(20) unsigned NOT NULL AUTO_INCREMENT,
  `role_id` bigint(20) unsigned NOT NULL,
  `permission_id` bigint(20) unsigned NOT NULL,
  `created_at` timestamp NULL DEFAULT NULL,
  `updated_at` timestamp NULL DEFAULT NULL,
  PRIMARY KEY (`id`),
  UNIQUE KEY `website_role_permissions_role_id_permission_id_unique` (`role_id`,`permission_id`),
  KEY `website_role_permissions_permission_id_foreign` (`permission_id`),
  CONSTRAINT `website_role_permissions_permission_id_foreign` FOREIGN KEY (`permission_id`) REFERENCES `website_permissions` (`id`) ON DELETE CASCADE,
  CONSTRAINT `website_role_permissions_role_id_foreign` FOREIGN KEY (`role_id`) REFERENCES `website_roles` (`id`) ON DELETE CASCADE
) ENGINE=InnoDB AUTO_INCREMENT=11 DEFAULT CHARSET=utf8mb4 COLLATE=utf8mb4_unicode_ci;

INSERT INTO `website_role_permissions` (`id`, `role_id`, `permission_id`, `created_at`, `updated_at`) VALUES ('6', '4', '6', NULL, NULL);
INSERT INTO `website_role_permissions` (`id`, `role_id`, `permission_id`, `created_at`, `updated_at`) VALUES ('7', '4', '7', NULL, NULL);
INSERT INTO `website_role_permissions` (`id`, `role_id`, `permission_id`, `created_at`, `updated_at`) VALUES ('8', '4', '8', NULL, NULL);
INSERT INTO `website_role_permissions` (`id`, `role_id`, `permission_id`, `created_at`, `updated_at`) VALUES ('9', '4', '9', NULL, NULL);
INSERT INTO `website_role_permissions` (`id`, `role_id`, `permission_id`, `created_at`, `updated_at`) VALUES ('10', '4', '10', NULL, NULL);

DROP TABLE IF EXISTS `website_staff_roles`;
CREATE TABLE `website_staff_roles` (
  `id` bigint(20) unsigned NOT NULL AUTO_INCREMENT,
  `staff_id` int(10) unsigned NOT NULL,
  `role_id` bigint(20) unsigned NOT NULL,
  `created_at` timestamp NULL DEFAULT NULL,
  `updated_at` timestamp NULL DEFAULT NULL,
  PRIMARY KEY (`id`),
  UNIQUE KEY `website_staff_roles_staff_id_role_id_unique` (`staff_id`,`role_id`),
  KEY `website_staff_roles_role_id_foreign` (`role_id`),
  CONSTRAINT `website_staff_roles_role_id_foreign` FOREIGN KEY (`role_id`) REFERENCES `website_roles` (`id`) ON DELETE CASCADE,
  CONSTRAINT `website_staff_roles_staff_id_foreign` FOREIGN KEY (`staff_id`) REFERENCES `staff` (`id`) ON DELETE CASCADE
) ENGINE=InnoDB AUTO_INCREMENT=5 DEFAULT CHARSET=utf8mb4 COLLATE=utf8mb4_unicode_ci;

INSERT INTO `website_staff_roles` (`id`, `staff_id`, `role_id`, `created_at`, `updated_at`) VALUES ('1', '596', '4', NULL, NULL);
INSERT INTO `website_staff_roles` (`id`, `staff_id`, `role_id`, `created_at`, `updated_at`) VALUES ('2', '506', '4', NULL, NULL);
INSERT INTO `website_staff_roles` (`id`, `staff_id`, `role_id`, `created_at`, `updated_at`) VALUES ('3', '577', '4', NULL, NULL);

DROP TABLE IF EXISTS `cache`;
CREATE TABLE `cache` (
  `key` varchar(255) NOT NULL,
  `value` mediumtext NOT NULL,
  `expiration` int(11) NOT NULL,
  PRIMARY KEY (`key`)
) ENGINE=InnoDB DEFAULT CHARSET=utf8mb4 COLLATE=utf8mb4_unicode_ci;

DROP TABLE IF EXISTS `cache_locks`;
CREATE TABLE `cache_locks` (
  `key` varchar(255) NOT NULL,
  `owner` varchar(255) NOT NULL,
  `expiration` int(11) NOT NULL,
  PRIMARY KEY (`key`)
) ENGINE=InnoDB DEFAULT CHARSET=utf8mb4 COLLATE=utf8mb4_unicode_ci;

DROP TABLE IF EXISTS `migrations`;
CREATE TABLE `migrations` (
  `id` int(10) unsigned NOT NULL AUTO_INCREMENT,
  `migration` varchar(255) NOT NULL,
  `batch` int(11) NOT NULL,
  PRIMARY KEY (`id`)
) ENGINE=InnoDB AUTO_INCREMENT=170 DEFAULT CHARSET=utf8mb4 COLLATE=utf8mb4_unicode_ci;

INSERT INTO `migrations` (`id`, `migration`, `batch`) VALUES ('1', '2014_10_12_000000_create_users_table', '1');
INSERT INTO `migrations` (`id`, `migration`, `batch`) VALUES ('2', '2014_10_12_100000_create_password_resets_table', '1');
INSERT INTO `migrations` (`id`, `migration`, `batch`) VALUES ('3', '2014_10_12_200000_add_two_factor_columns_to_users_table', '1');
INSERT INTO `migrations` (`id`, `migration`, `batch`) VALUES ('4', '2019_08_19_000000_create_failed_jobs_table', '1');
INSERT INTO `migrations` (`id`, `migration`, `batch`) VALUES ('5', '2019_12_14_000001_create_personal_access_tokens_table', '1');
INSERT INTO `migrations` (`id`, `migration`, `batch`) VALUES ('6', '2022_07_04_231004_create_departments_table', '1');
INSERT INTO `migrations` (`id`, `migration`, `batch`) VALUES ('7', '2022_07_05_003843_create_faculties_table', '1');
INSERT INTO `migrations` (`id`, `migration`, `batch`) VALUES ('8', '2022_07_05_113003_create_courses_table', '1');
INSERT INTO `migrations` (`id`, `migration`, `batch`) VALUES ('9', '2022_07_05_133215_create_semesters_table', '1');
INSERT INTO `migrations` (`id`, `migration`, `batch`) VALUES ('10', '2022_07_05_154501_create_sponsors_table', '1');
INSERT INTO `migrations` (`id`, `migration`, `batch`) VALUES ('11', '2022_07_05_213824_create_study_modes_table', '1');
INSERT INTO `migrations` (`id`, `migration`, `batch`) VALUES ('12', '2022_07_05_213902_create_entry_modes_table', '1');
INSERT INTO `migrations` (`id`, `migration`, `batch`) VALUES ('13', '2022_07_05_213922_create_levels_table', '1');
INSERT INTO `migrations` (`id`, `migration`, `batch`) VALUES ('14', '2022_07_05_221834_create_staff_table', '1');
INSERT INTO `migrations` (`id`, `migration`, `batch`) VALUES ('15', '2022_07_05_221922_create_event_types_table', '1');
INSERT INTO `migrations` (`id`, `migration`, `batch`) VALUES ('16', '2022_07_06_145000_create_staff_roles_table', '1');
INSERT INTO `migrations` (`id`, `migration`, `batch`) VALUES ('17', '2022_07_06_145122_create_lecture_venues_table', '1');
INSERT INTO `migrations` (`id`, `migration`, `batch`) VALUES ('18', '2022_07_06_150013_create_assigned_roles_table', '1');
INSERT INTO `migrations` (`id`, `migration`, `batch`) VALUES ('19', '2022_07_07_223725_create_assigned_courses_table', '1');
INSERT INTO `migrations` (`id`, `migration`, `batch`) VALUES ('20', '2022_07_08_090454_create_question_papers_table', '1');
INSERT INTO `migrations` (`id`, `migration`, `batch`) VALUES ('21', '2022_07_08_090518_create_marking_schemes_table', '1');
INSERT INTO `migrations` (`id`, `migration`, `batch`) VALUES ('22', '2022_07_08_090537_create_answer_models_table', '1');
INSERT INTO `migrations` (`id`, `migration`, `batch`) VALUES ('23', '2022_07_08_090931_create_assessments_table', '1');
INSERT INTO `migrations` (`id`, `migration`, `batch`) VALUES ('24', '2022_07_08_091008_create_time_tables_table', '1');
INSERT INTO `migrations` (`id`, `migration`, `batch`) VALUES ('25', '2022_07_08_091200_create_students_table', '1');
INSERT INTO `migrations` (`id`, `migration`, `batch`) VALUES ('26', '2022_07_08_091322_create_eva_courses_table', '1');
INSERT INTO `migrations` (`id`, `migration`, `batch`) VALUES ('27', '2022_07_08_091354_create_eva_lecturers_table', '1');
INSERT INTO `migrations` (`id`, `migration`, `batch`) VALUES ('28', '2022_07_08_091445_create_course_regs_table', '1');
INSERT INTO `migrations` (`id`, `migration`, `batch`) VALUES ('29', '2022_07_08_091547_create_scheduled_events_table', '1');
INSERT INTO `migrations` (`id`, `migration`, `batch`) VALUES ('30', '2022_07_08_091653_create_event_attendances_table', '1');
INSERT INTO `migrations` (`id`, `migration`, `batch`) VALUES ('31', '2022_07_08_091731_create_payments_table', '1');
INSERT INTO `migrations` (`id`, `migration`, `batch`) VALUES ('32', '2022_07_08_092604_create_academic_sessions_table', '1');
INSERT INTO `migrations` (`id`, `migration`, `batch`) VALUES ('33', '2022_07_19_135122_create_course_studies_table', '1');
INSERT INTO `migrations` (`id`, `migration`, `batch`) VALUES ('34', '2022_07_19_135901_create_program_offereds_table', '1');
INSERT INTO `migrations` (`id`, `migration`, `batch`) VALUES ('35', '2022_07_21_183939_create_user_types_table', '1');
INSERT INTO `migrations` (`id`, `migration`, `batch`) VALUES ('36', '2022_07_27_062100_create_batches_table', '1');
INSERT INTO `migrations` (`id`, `migration`, `batch`) VALUES ('37', '2022_07_29_144930_create_countries_table', '1');
INSERT INTO `migrations` (`id`, `migration`, `batch`) VALUES ('38', '2022_07_29_145128_create_states_table', '1');
INSERT INTO `migrations` (`id`, `migration`, `batch`) VALUES ('39', '2022_07_29_145145_create_cities_table', '1');
INSERT INTO `migrations` (`id`, `migration`, `batch`) VALUES ('40', '2022_07_30_202412_create_programmes_table', '1');
INSERT INTO `migrations` (`id`, `migration`, `batch`) VALUES ('41', '2022_08_01_091542_create_titles_table', '1');
INSERT INTO `migrations` (`id`, `migration`, `batch`) VALUES ('42', '2022_08_02_160812_create_sessions_table', '1');
INSERT INTO `migrations` (`id`, `migration`, `batch`) VALUES ('43', '2022_08_02_162107_create_vu_sessions_table', '1');
INSERT INTO `migrations` (`id`, `migration`, `batch`) VALUES ('44', '2022_08_28_153500_create_course_polls_table', '1');
INSERT INTO `migrations` (`id`, `migration`, `batch`) VALUES ('45', '2022_08_30_181006_create_course_register_logs_table', '1');
INSERT INTO `migrations` (`id`, `migration`, `batch`) VALUES ('46', '2022_09_18_155359_create_tasks_table', '1');
INSERT INTO `migrations` (`id`, `migration`, `batch`) VALUES ('47', '2022_09_18_155717_create_roles_table', '1');
INSERT INTO `migrations` (`id`, `migration`, `batch`) VALUES ('48', '2022_09_18_185849_create_role_user_table', '1');
INSERT INTO `migrations` (`id`, `migration`, `batch`) VALUES ('49', '2022_09_26_080017_create_staff_assigned_course_table', '1');
INSERT INTO `migrations` (`id`, `migration`, `batch`) VALUES ('50', '2022_10_17_095149_create_result_corrections_table', '1');
INSERT INTO `migrations` (`id`, `migration`, `batch`) VALUES ('51', '2022_10_23_121154_create_vu_semesters_table', '1');
INSERT INTO `migrations` (`id`, `migration`, `batch`) VALUES ('52', '2022_10_26_203729_create_result_approvals_table', '1');
INSERT INTO `migrations` (`id`, `migration`, `batch`) VALUES ('53', '2022_11_13_221710_create_employment_categories_table', '1');
INSERT INTO `migrations` (`id`, `migration`, `batch`) VALUES ('54', '2022_11_13_224108_create_staff_positions_table', '1');
INSERT INTO `migrations` (`id`, `migration`, `batch`) VALUES ('55', '2022_11_13_224728_create_grade_levels_table', '1');
INSERT INTO `migrations` (`id`, `migration`, `batch`) VALUES ('56', '2022_11_13_224833_create_staff_types_table', '1');
INSERT INTO `migrations` (`id`, `migration`, `batch`) VALUES ('57', '2022_11_13_230538_create_staff_type_summaries_table', '1');
INSERT INTO `migrations` (`id`, `migration`, `batch`) VALUES ('58', '2022_11_16_140401_create_auxiliary_staff_table', '1');
INSERT INTO `migrations` (`id`, `migration`, `batch`) VALUES ('59', '2022_11_20_152908_create_student_roles_table', '1');
INSERT INTO `migrations` (`id`, `migration`, `batch`) VALUES ('60', '2022_11_20_153218_create_student_role_users_table', '1');
INSERT INTO `migrations` (`id`, `migration`, `batch`) VALUES ('61', '2022_11_21_134730_create_approved_results_table', '1');
INSERT INTO `migrations` (`id`, `migration`, `batch`) VALUES ('62', '2022_12_12_065936_create_appointment_terminations_table', '1');
INSERT INTO `migrations` (`id`, `migration`, `batch`) VALUES ('63', '2022_12_12_110443_create_terminations_table', '1');
INSERT INTO `migrations` (`id`, `migration`, `batch`) VALUES ('64', '2023_01_28_224110_create_application_fees_table', '1');
INSERT INTO `migrations` (`id`, `migration`, `batch`) VALUES ('65', '2023_01_29_155729_create_vuna_tuition_fees_table', '1');
INSERT INTO `migrations` (`id`, `migration`, `batch`) VALUES ('66', '2023_01_29_160209_create_vuna_accomodations_table', '1');
INSERT INTO `migrations` (`id`, `migration`, `batch`) VALUES ('67', '2023_02_13_194656_create_jamb_years_table', '1');
INSERT INTO `migrations` (`id`, `migration`, `batch`) VALUES ('68', '2023_02_20_070923_create_secondary_subjects_table', '1');
INSERT INTO `migrations` (`id`, `migration`, `batch`) VALUES ('69', '2023_02_20_071209_create_secondary_grades_table', '1');
INSERT INTO `migrations` (`id`, `migration`, `batch`) VALUES ('70', '2023_02_26_153935_create_requirement_ones_table', '1');
INSERT INTO `migrations` (`id`, `migration`, `batch`) VALUES ('71', '2023_02_26_154208_create_requirement_twos_table', '1');
INSERT INTO `migrations` (`id`, `migration`, `batch`) VALUES ('72', '2023_03_03_010843_create_applicant_result_ones_table', '1');
INSERT INTO `migrations` (`id`, `migration`, `batch`) VALUES ('73', '2023_03_03_011504_create_applicant_result_twos_table', '1');
INSERT INTO `migrations` (`id`, `migration`, `batch`) VALUES ('74', '2023_03_04_072014_create_program_processings_table', '1');
INSERT INTO `migrations` (`id`, `migration`, `batch`) VALUES ('75', '2023_03_06_100127_create_set_admissions_table', '1');
INSERT INTO `migrations` (`id`, `migration`, `batch`) VALUES ('76', '2023_03_06_101645_create_admissions_types_table', '1');
INSERT INTO `migrations` (`id`, `migration`, `batch`) VALUES ('77', '2023_03_25_123345_create_vuna_accomodation_histories_table', '1');
INSERT INTO `migrations` (`id`, `migration`, `batch`) VALUES ('78', '2023_04_25_121123_create_secondary_exams_table', '1');
INSERT INTO `migrations` (`id`, `migration`, `batch`) VALUES ('79', '2023_05_06_143925_create_ssce_meta_results_table', '1');
INSERT INTO `migrations` (`id`, `migration`, `batch`) VALUES ('80', '2023_05_06_144323_create_ssce_results_table', '1');
INSERT INTO `migrations` (`id`, `migration`, `batch`) VALUES ('81', '2023_05_07_135952_create_applicant_uploads_table', '1');
INSERT INTO `migrations` (`id`, `migration`, `batch`) VALUES ('82', '2023_05_07_145614_create_applicant_upload_files_table', '1');
INSERT INTO `migrations` (`id`, `migration`, `batch`) VALUES ('83', '2023_05_10_120028_create_vuna_applicant_fees_table', '1');
INSERT INTO `migrations` (`id`, `migration`, `batch`) VALUES ('84', '2023_05_16_174120_create_acceptance_fees_table', '1');
INSERT INTO `migrations` (`id`, `migration`, `batch`) VALUES ('85', '2023_05_16_174646_create_vuna_acceptance_fees_table', '1');
INSERT INTO `migrations` (`id`, `migration`, `batch`) VALUES ('86', '2023_05_17_084611_create_post_adm_requirements_table', '1');
INSERT INTO `migrations` (`id`, `migration`, `batch`) VALUES ('87', '2023_05_24_142337_create_student_wallets_table', '1');
INSERT INTO `migrations` (`id`, `migration`, `batch`) VALUES ('88', '2023_05_24_151643_create_vuna_scholarships_table', '1');
INSERT INTO `migrations` (`id`, `migration`, `batch`) VALUES ('89', '2023_05_25_123559_create_scholarship_students_table', '1');
INSERT INTO `migrations` (`id`, `migration`, `batch`) VALUES ('90', '2023_05_26_071349_create_payment_inprogresses_table', '1');
INSERT INTO `migrations` (`id`, `migration`, `batch`) VALUES ('91', '2023_05_28_144944_create_tuition_fees_table', '1');
INSERT INTO `migrations` (`id`, `migration`, `batch`) VALUES ('92', '2023_05_28_145450_create_outstanding_fees_table', '1');
INSERT INTO `migrations` (`id`, `migration`, `batch`) VALUES ('93', '2023_05_29_201043_create_mat_gens_table', '1');
INSERT INTO `migrations` (`id`, `migration`, `batch`) VALUES ('94', '2023_05_30_130757_create_post_adm_requirement_files_table', '1');
INSERT INTO `migrations` (`id`, `migration`, `batch`) VALUES ('95', '2023_06_19_111243_create_max_weights_table', '1');
INSERT INTO `migrations` (`id`, `migration`, `batch`) VALUES ('96', '2023_06_21_123840_create_vuna_admission_jupeps_table', '1');
INSERT INTO `migrations` (`id`, `migration`, `batch`) VALUES ('97', '2023_06_21_124220_create_vuna_admission_sandwiches_table', '1');
INSERT INTO `migrations` (`id`, `migration`, `batch`) VALUES ('98', '2023_06_21_124304_create_vuna_admission_pgs_table', '1');
INSERT INTO `migrations` (`id`, `migration`, `batch`) VALUES ('99', '2023_06_29_012012_create_pg_adm_requirements_table', '1');
INSERT INTO `migrations` (`id`, `migration`, `batch`) VALUES ('100', '2023_07_29_064923_create_applicant_acquaintances_table', '1');
INSERT INTO `migrations` (`id`, `migration`, `batch`) VALUES ('101', '2023_07_31_221846_create_manage_course_regs_table', '1');
INSERT INTO `migrations` (`id`, `migration`, `batch`) VALUES ('102', '2023_07_31_222416_create_manage_course_reg_studies_table', '1');
INSERT INTO `migrations` (`id`, `migration`, `batch`) VALUES ('103', '2023_08_05_181740_create_stdship_interruptions_table', '1');
INSERT INTO `migrations` (`id`, `migration`, `batch`) VALUES ('104', '2023_08_05_182222_create_stdship_terminations_table', '1');
INSERT INTO `migrations` (`id`, `migration`, `batch`) VALUES ('105', '2023_08_06_172433_create_vuna_grading_systems_table', '1');
INSERT INTO `migrations` (`id`, `migration`, `batch`) VALUES ('106', '2023_08_07_115915_create_vuna_accomodation_categories_table', '1');
INSERT INTO `migrations` (`id`, `migration`, `batch`) VALUES ('107', '2023_08_07_172615_create_vuna_acc_cate_rooms_table', '1');
INSERT INTO `migrations` (`id`, `migration`, `batch`) VALUES ('108', '2023_08_07_172838_create_vuna_acc_cate_flats_table', '1');
INSERT INTO `migrations` (`id`, `migration`, `batch`) VALUES ('109', '2023_08_15_145153_create_vuna_acc_cate_bunks_table', '1');
INSERT INTO `migrations` (`id`, `migration`, `batch`) VALUES ('110', '2023_08_30_102832_create_course_categories_table', '1');
INSERT INTO `migrations` (`id`, `migration`, `batch`) VALUES ('111', '2023_09_03_145353_create_course_codes_table', '1');
INSERT INTO `migrations` (`id`, `migration`, `batch`) VALUES ('112', '2023_09_16_121914_create_staff_assigned_roles_table', '1');
INSERT INTO `migrations` (`id`, `migration`, `batch`) VALUES ('113', '2023_09_18_000024_create_staff_work_profiles_table', '1');
INSERT INTO `migrations` (`id`, `migration`, `batch`) VALUES ('114', '2023_09_18_004136_create_staff_contacts_table', '1');
INSERT INTO `migrations` (`id`, `migration`, `batch`) VALUES ('115', '2023_09_18_005920_create_student_contacts_table', '1');
INSERT INTO `migrations` (`id`, `migration`, `batch`) VALUES ('116', '2023_09_22_182420_create_programme_certifications_table', '1');
INSERT INTO `migrations` (`id`, `migration`, `batch`) VALUES ('117', '2023_09_24_113413_create_student_academics_table', '1');
INSERT INTO `migrations` (`id`, `migration`, `batch`) VALUES ('118', '2023_09_29_023939_create_grade_settings_table', '1');
INSERT INTO `migrations` (`id`, `migration`, `batch`) VALUES ('119', '2023_09_30_193117_create_banks_table', '1');
INSERT INTO `migrations` (`id`, `migration`, `batch`) VALUES ('120', '2023_09_30_194656_create_student_medicals_table', '1');
INSERT INTO `migrations` (`id`, `migration`, `batch`) VALUES ('121', '2023_10_01_094243_create_staff_promotions_table', '1');
INSERT INTO `migrations` (`id`, `migration`, `batch`) VALUES ('122', '2023_10_02_091911_create_audits_table', '1');
INSERT INTO `migrations` (`id`, `migration`, `batch`) VALUES ('123', '2023_10_02_171200_create_admin_departments_table', '1');
INSERT INTO `migrations` (`id`, `migration`, `batch`) VALUES ('124', '2023_10_03_053541_create_staff_leaves_table', '1');
INSERT INTO `migrations` (`id`, `migration`, `batch`) VALUES ('125', '2023_10_03_061257_create_staff_leave_summaries_table', '1');
INSERT INTO `migrations` (`id`, `migration`, `batch`) VALUES ('126', '2023_10_04_102335_create_staff_steps_table', '1');
INSERT INTO `migrations` (`id`, `migration`, `batch`) VALUES ('127', '2023_10_04_155931_create_staff_employment_categories_table', '1');
INSERT INTO `migrations` (`id`, `migration`, `batch`) VALUES ('128', '2023_10_17_103818_create_applicant_bio_data_table', '1');
INSERT INTO `migrations` (`id`, `migration`, `batch`) VALUES ('129', '2023_10_17_112932_create_applicant_jambs_table', '1');
INSERT INTO `migrations` (`id`, `migration`, `batch`) VALUES ('130', '2023_10_17_113002_create_applicant_pgs_table', '1');
INSERT INTO `migrations` (`id`, `migration`, `batch`) VALUES ('131', '2023_10_17_113019_create_applicant_transfers_table', '1');
INSERT INTO `migrations` (`id`, `migration`, `batch`) VALUES ('132', '2023_10_17_113036_create_applicant_des_table', '1');
INSERT INTO `migrations` (`id`, `migration`, `batch`) VALUES ('133', '2023_10_17_124010_create_applicant_sponsors_table', '1');
INSERT INTO `migrations` (`id`, `migration`, `batch`) VALUES ('134', '2023_10_17_125740_create_applicant_pg_education_table', '1');
INSERT INTO `migrations` (`id`, `migration`, `batch`) VALUES ('135', '2023_10_17_125815_create_applicant_pg_referees_table', '1');
INSERT INTO `migrations` (`id`, `migration`, `batch`) VALUES ('136', '2023_10_21_110222_create_audit_trails_table', '1');
INSERT INTO `migrations` (`id`, `migration`, `batch`) VALUES ('137', '2023_10_21_111128_create_fee_types_table', '1');
INSERT INTO `migrations` (`id`, `migration`, `batch`) VALUES ('138', '2023_10_21_112002_create_remitas_table', '1');
INSERT INTO `migrations` (`id`, `migration`, `batch`) VALUES ('139', '2023_10_22_084035_create_jamb_uploads_table', '1');
INSERT INTO `migrations` (`id`, `migration`, `batch`) VALUES ('140', '2024_05_09_192155_create_rem_creds_table', '1');
INSERT INTO `migrations` (`id`, `migration`, `batch`) VALUES ('141', '2024_05_10_100441_create_rrr_application_fees_table', '1');
INSERT INTO `migrations` (`id`, `migration`, `batch`) VALUES ('142', '2024_05_17_053907_create_applicant_pg_sponsors_table', '1');
INSERT INTO `migrations` (`id`, `migration`, `batch`) VALUES ('143', '2024_06_09_131139_create_rrr_acceptance_fees_table', '1');
INSERT INTO `migrations` (`id`, `migration`, `batch`) VALUES ('144', '2024_06_13_192817_create_vuna_applicant_fee_pgs_table', '1');
INSERT INTO `migrations` (`id`, `migration`, `batch`) VALUES ('145', '2025_07_23_031807_create_personal_access_tokens_table', '2');
INSERT INTO `migrations` (`id`, `migration`, `batch`) VALUES ('146', '2025_12_21_054816_create_pages_table', '3');
INSERT INTO `migrations` (`id`, `migration`, `batch`) VALUES ('147', '2025_12_21_054818_create_content_blocks_table', '3');
INSERT INTO `migrations` (`id`, `migration`, `batch`) VALUES ('148', '2025_12_21_062154_assign_super_admin_roles_to_staff', '3');
INSERT INTO `migrations` (`id`, `migration`, `batch`) VALUES ('149', '2025_12_21_063019_create_website_rbac_tables', '4');
INSERT INTO `migrations` (`id`, `migration`, `batch`) VALUES ('150', '2025_12_21_093718_add_status_and_lifecycle_fields_to_website_pages_table', '5');
INSERT INTO `migrations` (`id`, `migration`, `batch`) VALUES ('151', '2025_12_21_100549_fix_created_by_column_type_in_website_pages_table', '6');
INSERT INTO `migrations` (`id`, `migration`, `batch`) VALUES ('152', '2025_12_21_101759_change_status_to_enum_in_website_pages_table', '7');
INSERT INTO `migrations` (`id`, `migration`, `batch`) VALUES ('153', '2025_12_21_103841_create_website_news_table', '8');
INSERT INTO `migrations` (`id`, `migration`, `batch`) VALUES ('154', '2025_12_21_103844_create_website_events_table', '9');
INSERT INTO `migrations` (`id`, `migration`, `batch`) VALUES ('155', '2025_12_21_103846_create_website_programs_table', '10');
INSERT INTO `migrations` (`id`, `migration`, `batch`) VALUES ('156', '2025_12_21_103848_create_website_courses_table', '11');
INSERT INTO `migrations` (`id`, `migration`, `batch`) VALUES ('157', '2025_12_21_103850_create_website_personnel_table', '12');
INSERT INTO `migrations` (`id`, `migration`, `batch`) VALUES ('158', '2025_12_21_103851_create_website_publications_table', '13');
INSERT INTO `migrations` (`id`, `migration`, `batch`) VALUES ('159', '2025_12_21_103853_create_website_student_groups_table', '14');
INSERT INTO `migrations` (`id`, `migration`, `batch`) VALUES ('160', '2025_12_21_103854_create_website_research_groups_table', '15');
INSERT INTO `migrations` (`id`, `migration`, `batch`) VALUES ('161', '2025_12_21_115450_add_description_to_website_research_groups_table', '16');
INSERT INTO `migrations` (`id`, `migration`, `batch`) VALUES ('162', '2025_12_21_115717_create_website_mass_schedules_table', '17');
INSERT INTO `migrations` (`id`, `migration`, `batch`) VALUES ('163', '2025_12_21_123047_create_website_faqs_table', '18');
INSERT INTO `migrations` (`id`, `migration`, `batch`) VALUES ('164', '2025_12_21_124259_create_website_a_z_entries_table', '19');
INSERT INTO `migrations` (`id`, `migration`, `batch`) VALUES ('165', '2025_12_21_155735_add_title_to_website_personnel_table', '20');
INSERT INTO `migrations` (`id`, `migration`, `batch`) VALUES ('166', '2025_12_22_000001_add_deleted_at_to_website_content_blocks', '21');
INSERT INTO `migrations` (`id`, `migration`, `batch`) VALUES ('167', '2025_12_22_050949_add_completion_requirements_to_website_programs_table', '22');
INSERT INTO `migrations` (`id`, `migration`, `batch`) VALUES ('168', '2025_12_22_051745_add_content_and_image_url_to_website_pages_table', '23');
INSERT INTO `migrations` (`id`, `migration`, `batch`) VALUES ('169', '2025_12_25_120000_create_cache_tables', '24');

SET FOREIGN_KEY_CHECKS=1;
